timestamp,series_id,model_name,horizon,value
2014-03-14 19:15:00,MT_001,Naive Seasonal (Daily),96,2.53807106598985
2014-03-14 19:30:00,MT_001,Naive Seasonal (Daily),96,1.26903553299492
2014-03-14 19:45:00,MT_001,Naive Seasonal (Daily),96,2.53807106598985
2014-03-14 20:00:00,MT_001,Naive Seasonal (Daily),96,2.53807106598985
2014-03-14 20:15:00,MT_001,Naive Seasonal (Daily),96,1.26903553299492
2014-03-14 20:30:00,MT_001,Naive Seasonal (Daily),96,2.53807106598985
2014-03-14 20:45:00,MT_001,Naive Seasonal (Daily),96,2.53807106598985
2014-03-14 21:00:00,MT_001,Naive Seasonal (Daily),96,2.53807106598985
2014-03-14 21:15:00,MT_001,Naive Seasonal (Daily),96,1.26903553299492
2014-03-14 21:30:00,MT_001,Naive Seasonal (Daily),96,2.53807106598985
2014-03-14 21:45:00,MT_001,Naive Seasonal (Daily),96,3.80710659898477
2014-03-14 22:00:00,MT_001,Naive Seasonal (Daily),96,2.53807106598985
2014-03-14 22:15:00,MT_001,Naive Seasonal (Daily),96,1.26903553299492
2014-03-14 22:30:00,MT_001,Naive Seasonal (Daily),96,2.53807106598985
2014-03-14 22:45:00,MT_001,Naive Seasonal (Daily),96,2.53807106598985
2014-03-14 23:00:00,MT_001,Naive Seasonal (Daily),96,2.53807106598985
2014-03-14 23:15:00,MT_001,Naive Seasonal (Daily),96,1.26903553299492
2014-03-14 23:30:00,MT_001,Naive Seasonal (Daily),96,2.53807106598985
2014-03-14 23:45:00,MT_001,Naive Seasonal (Daily),96,2.53807106598985
2014-03-15 00:00:00,MT_001,Naive Seasonal (Daily),96,2.53807106598985
2014-03-15 00:15:00,MT_001,Naive Seasonal (Daily),96,2.53807106598985
2014-03-15 00:30:00,MT_001,Naive Seasonal (Daily),96,1.26903553299492
2014-03-15 00:45:00,MT_001,Naive Seasonal (Daily),96,2.53807106598985
2014-03-15 01:00:00,MT_001,Naive Seasonal (Daily),96,2.53807106598985
2014-03-15 01:15:00,MT_001,Naive Seasonal (Daily),96,2.53807106598985
2014-03-15 01:30:00,MT_001,Naive Seasonal (Daily),96,2.53807106598985
2014-03-15 01:45:00,MT_001,Naive Seasonal (Daily),96,2.53807106598985
2014-03-15 02:00:00,MT_001,Naive Seasonal (Daily),96,2.53807106598985
2014-03-15 02:15:00,MT_001,Naive Seasonal (Daily),96,3.80710659898477
2014-03-15 02:30:00,MT_001,Naive Seasonal (Daily),96,1.26903553299492
2014-03-15 02:45:00,MT_001,Naive Seasonal (Daily),96,2.53807106598985
2014-03-15 03:00:00,MT_001,Naive Seasonal (Daily),96,2.53807106598985
2014-03-15 03:15:00,MT_001,Naive Seasonal (Daily),96,2.53807106598985
2014-03-15 03:30:00,MT_001,Naive Seasonal (Daily),96,2.53807106598985
2014-03-15 03:45:00,MT_001,Naive Seasonal (Daily),96,2.53807106598985
2014-03-15 04:00:00,MT_001,Naive Seasonal (Daily),96,1.26903553299492
2014-03-15 04:15:00,MT_001,Naive Seasonal (Daily),96,2.53807106598985
2014-03-15 04:30:00,MT_001,Naive Seasonal (Daily),96,2.53807106598985
2014-03-15 04:45:00,MT_001,Naive Seasonal (Daily),96,2.53807106598985
2014-03-15 05:00:00,MT_001,Naive Seasonal (Daily),96,2.53807106598985
2014-03-15 05:15:00,MT_001,Naive Seasonal (Daily),96,2.53807106598985
2014-03-15 05:30:00,MT_001,Naive Seasonal (Daily),96,3.80710659898477
2014-03-15 05:45:00,MT_001,Naive Seasonal (Daily),96,1.26903553299492
2014-03-15 06:00:00,MT_001,Naive Seasonal (Daily),96,2.53807106598985
2014-03-15 06:15:00,MT_001,Naive Seasonal (Daily),96,2.53807106598985
2014-03-15 06:30:00,MT_001,Naive Seasonal (Daily),96,2.53807106598985
2014-03-15 06:45:00,MT_001,Naive Seasonal (Daily),96,1.26903553299492
2014-03-15 07:00:00,MT_001,Naive Seasonal (Daily),96,1.26903553299492
2014-03-15 07:15:00,MT_001,Naive Seasonal (Daily),96,2.53807106598985
2014-03-15 07:30:00,MT_001,Naive Seasonal (Daily),96,1.26903553299492
2014-03-15 07:45:00,MT_001,Naive Seasonal (Daily),96,1.26903553299492
2014-03-15 08:00:00,MT_001,Naive Seasonal (Daily),96,1.26903553299492
2014-03-15 08:15:00,MT_001,Naive Seasonal (Daily),96,1.26903553299492
2014-03-15 08:30:00,MT_001,Naive Seasonal (Daily),96,2.53807106598985
2014-03-15 08:45:00,MT_001,Naive Seasonal (Daily),96,12.6903553299492
2014-03-15 09:00:00,MT_001,Naive Seasonal (Daily),96,15.2284263959391
2014-03-15 09:15:00,MT_001,Naive Seasonal (Daily),96,15.2284263959391
2014-03-15 09:30:00,MT_001,Naive Seasonal (Daily),96,12.6903553299492
2014-03-15 09:45:00,MT_001,Naive Seasonal (Daily),96,0.0
2014-03-15 10:00:00,MT_001,Naive Seasonal (Daily),96,1.26903553299492
2014-03-15 10:15:00,MT_001,Naive Seasonal (Daily),96,1.26903553299492
2014-03-15 10:30:00,MT_001,Naive Seasonal (Daily),96,1.26903553299492
2014-03-15 10:45:00,MT_001,Naive Seasonal (Daily),96,0.0
2014-03-15 11:00:00,MT_001,Naive Seasonal (Daily),96,1.26903553299492
2014-03-15 11:15:00,MT_001,Naive Seasonal (Daily),96,1.26903553299492
2014-03-15 11:30:00,MT_001,Naive Seasonal (Daily),96,3.80710659898477
2014-03-15 11:45:00,MT_001,Naive Seasonal (Daily),96,0.0
2014-03-15 12:00:00,MT_001,Naive Seasonal (Daily),96,1.26903553299492
2014-03-15 12:15:00,MT_001,Naive Seasonal (Daily),96,1.26903553299492
2014-03-15 12:30:00,MT_001,Naive Seasonal (Daily),96,1.26903553299492
2014-03-15 12:45:00,MT_001,Naive Seasonal (Daily),96,1.26903553299492
2014-03-15 13:00:00,MT_001,Naive Seasonal (Daily),96,0.0
2014-03-15 13:15:00,MT_001,Naive Seasonal (Daily),96,1.26903553299492
2014-03-15 13:30:00,MT_001,Naive Seasonal (Daily),96,1.26903553299492
2014-03-15 13:45:00,MT_001,Naive Seasonal (Daily),96,1.26903553299492
2014-03-15 14:00:00,MT_001,Naive Seasonal (Daily),96,0.0
2014-03-15 14:15:00,MT_001,Naive Seasonal (Daily),96,1.26903553299492
2014-03-15 14:30:00,MT_001,Naive Seasonal (Daily),96,1.26903553299492
2014-03-15 14:45:00,MT_001,Naive Seasonal (Daily),96,1.26903553299492
2014-03-15 15:00:00,MT_001,Naive Seasonal (Daily),96,1.26903553299492
2014-03-15 15:15:00,MT_001,Naive Seasonal (Daily),96,2.53807106598985
2014-03-15 15:30:00,MT_001,Naive Seasonal (Daily),96,2.53807106598985
2014-03-15 15:45:00,MT_001,Naive Seasonal (Daily),96,1.26903553299492
2014-03-15 16:00:00,MT_001,Naive Seasonal (Daily),96,1.26903553299492
2014-03-15 16:15:00,MT_001,Naive Seasonal (Daily),96,1.26903553299492
2014-03-15 16:30:00,MT_001,Naive Seasonal (Daily),96,1.26903553299492
2014-03-15 16:45:00,MT_001,Naive Seasonal (Daily),96,1.26903553299492
2014-03-15 17:00:00,MT_001,Naive Seasonal (Daily),96,1.26903553299492
2014-03-15 17:15:00,MT_001,Naive Seasonal (Daily),96,2.53807106598985
2014-03-15 17:30:00,MT_001,Naive Seasonal (Daily),96,1.26903553299492
2014-03-15 17:45:00,MT_001,Naive Seasonal (Daily),96,1.26903553299492
2014-03-15 18:00:00,MT_001,Naive Seasonal (Daily),96,2.53807106598985
2014-03-15 18:15:00,MT_001,Naive Seasonal (Daily),96,1.26903553299492
2014-03-15 18:30:00,MT_001,Naive Seasonal (Daily),96,1.26903553299492
2014-03-15 18:45:00,MT_001,Naive Seasonal (Daily),96,1.26903553299492
2014-03-15 19:00:00,MT_001,Naive Seasonal (Daily),96,1.26903553299492
2014-03-14 19:15:00,MT_001,Naive Seasonal (Daily),192,2.53807106598985
2014-03-14 19:30:00,MT_001,Naive Seasonal (Daily),192,1.26903553299492
2014-03-14 19:45:00,MT_001,Naive Seasonal (Daily),192,2.53807106598985
2014-03-14 20:00:00,MT_001,Naive Seasonal (Daily),192,2.53807106598985
2014-03-14 20:15:00,MT_001,Naive Seasonal (Daily),192,1.26903553299492
2014-03-14 20:30:00,MT_001,Naive Seasonal (Daily),192,2.53807106598985
2014-03-14 20:45:00,MT_001,Naive Seasonal (Daily),192,2.53807106598985
2014-03-14 21:00:00,MT_001,Naive Seasonal (Daily),192,2.53807106598985
2014-03-14 21:15:00,MT_001,Naive Seasonal (Daily),192,1.26903553299492
2014-03-14 21:30:00,MT_001,Naive Seasonal (Daily),192,2.53807106598985
2014-03-14 21:45:00,MT_001,Naive Seasonal (Daily),192,3.80710659898477
2014-03-14 22:00:00,MT_001,Naive Seasonal (Daily),192,2.53807106598985
2014-03-14 22:15:00,MT_001,Naive Seasonal (Daily),192,1.26903553299492
2014-03-14 22:30:00,MT_001,Naive Seasonal (Daily),192,2.53807106598985
2014-03-14 22:45:00,MT_001,Naive Seasonal (Daily),192,2.53807106598985
2014-03-14 23:00:00,MT_001,Naive Seasonal (Daily),192,2.53807106598985
2014-03-14 23:15:00,MT_001,Naive Seasonal (Daily),192,1.26903553299492
2014-03-14 23:30:00,MT_001,Naive Seasonal (Daily),192,2.53807106598985
2014-03-14 23:45:00,MT_001,Naive Seasonal (Daily),192,2.53807106598985
2014-03-15 00:00:00,MT_001,Naive Seasonal (Daily),192,2.53807106598985
2014-03-15 00:15:00,MT_001,Naive Seasonal (Daily),192,2.53807106598985
2014-03-15 00:30:00,MT_001,Naive Seasonal (Daily),192,1.26903553299492
2014-03-15 00:45:00,MT_001,Naive Seasonal (Daily),192,2.53807106598985
2014-03-15 01:00:00,MT_001,Naive Seasonal (Daily),192,2.53807106598985
2014-03-15 01:15:00,MT_001,Naive Seasonal (Daily),192,2.53807106598985
2014-03-15 01:30:00,MT_001,Naive Seasonal (Daily),192,2.53807106598985
2014-03-15 01:45:00,MT_001,Naive Seasonal (Daily),192,2.53807106598985
2014-03-15 02:00:00,MT_001,Naive Seasonal (Daily),192,2.53807106598985
2014-03-15 02:15:00,MT_001,Naive Seasonal (Daily),192,3.80710659898477
2014-03-15 02:30:00,MT_001,Naive Seasonal (Daily),192,1.26903553299492
2014-03-15 02:45:00,MT_001,Naive Seasonal (Daily),192,2.53807106598985
2014-03-15 03:00:00,MT_001,Naive Seasonal (Daily),192,2.53807106598985
2014-03-15 03:15:00,MT_001,Naive Seasonal (Daily),192,2.53807106598985
2014-03-15 03:30:00,MT_001,Naive Seasonal (Daily),192,2.53807106598985
2014-03-15 03:45:00,MT_001,Naive Seasonal (Daily),192,2.53807106598985
2014-03-15 04:00:00,MT_001,Naive Seasonal (Daily),192,1.26903553299492
2014-03-15 04:15:00,MT_001,Naive Seasonal (Daily),192,2.53807106598985
2014-03-15 04:30:00,MT_001,Naive Seasonal (Daily),192,2.53807106598985
2014-03-15 04:45:00,MT_001,Naive Seasonal (Daily),192,2.53807106598985
2014-03-15 05:00:00,MT_001,Naive Seasonal (Daily),192,2.53807106598985
2014-03-15 05:15:00,MT_001,Naive Seasonal (Daily),192,2.53807106598985
2014-03-15 05:30:00,MT_001,Naive Seasonal (Daily),192,3.80710659898477
2014-03-15 05:45:00,MT_001,Naive Seasonal (Daily),192,1.26903553299492
2014-03-15 06:00:00,MT_001,Naive Seasonal (Daily),192,2.53807106598985
2014-03-15 06:15:00,MT_001,Naive Seasonal (Daily),192,2.53807106598985
2014-03-15 06:30:00,MT_001,Naive Seasonal (Daily),192,2.53807106598985
2014-03-15 06:45:00,MT_001,Naive Seasonal (Daily),192,1.26903553299492
2014-03-15 07:00:00,MT_001,Naive Seasonal (Daily),192,1.26903553299492
2014-03-15 07:15:00,MT_001,Naive Seasonal (Daily),192,2.53807106598985
2014-03-15 07:30:00,MT_001,Naive Seasonal (Daily),192,1.26903553299492
2014-03-15 07:45:00,MT_001,Naive Seasonal (Daily),192,1.26903553299492
2014-03-15 08:00:00,MT_001,Naive Seasonal (Daily),192,1.26903553299492
2014-03-15 08:15:00,MT_001,Naive Seasonal (Daily),192,1.26903553299492
2014-03-15 08:30:00,MT_001,Naive Seasonal (Daily),192,2.53807106598985
2014-03-15 08:45:00,MT_001,Naive Seasonal (Daily),192,12.6903553299492
2014-03-15 09:00:00,MT_001,Naive Seasonal (Daily),192,15.2284263959391
2014-03-15 09:15:00,MT_001,Naive Seasonal (Daily),192,15.2284263959391
2014-03-15 09:30:00,MT_001,Naive Seasonal (Daily),192,12.6903553299492
2014-03-15 09:45:00,MT_001,Naive Seasonal (Daily),192,0.0
2014-03-15 10:00:00,MT_001,Naive Seasonal (Daily),192,1.26903553299492
2014-03-15 10:15:00,MT_001,Naive Seasonal (Daily),192,1.26903553299492
2014-03-15 10:30:00,MT_001,Naive Seasonal (Daily),192,1.26903553299492
2014-03-15 10:45:00,MT_001,Naive Seasonal (Daily),192,0.0
2014-03-15 11:00:00,MT_001,Naive Seasonal (Daily),192,1.26903553299492
2014-03-15 11:15:00,MT_001,Naive Seasonal (Daily),192,1.26903553299492
2014-03-15 11:30:00,MT_001,Naive Seasonal (Daily),192,3.80710659898477
2014-03-15 11:45:00,MT_001,Naive Seasonal (Daily),192,0.0
2014-03-15 12:00:00,MT_001,Naive Seasonal (Daily),192,1.26903553299492
2014-03-15 12:15:00,MT_001,Naive Seasonal (Daily),192,1.26903553299492
2014-03-15 12:30:00,MT_001,Naive Seasonal (Daily),192,1.26903553299492
2014-03-15 12:45:00,MT_001,Naive Seasonal (Daily),192,1.26903553299492
2014-03-15 13:00:00,MT_001,Naive Seasonal (Daily),192,0.0
2014-03-15 13:15:00,MT_001,Naive Seasonal (Daily),192,1.26903553299492
2014-03-15 13:30:00,MT_001,Naive Seasonal (Daily),192,1.26903553299492
2014-03-15 13:45:00,MT_001,Naive Seasonal (Daily),192,1.26903553299492
2014-03-15 14:00:00,MT_001,Naive Seasonal (Daily),192,0.0
2014-03-15 14:15:00,MT_001,Naive Seasonal (Daily),192,1.26903553299492
2014-03-15 14:30:00,MT_001,Naive Seasonal (Daily),192,1.26903553299492
2014-03-15 14:45:00,MT_001,Naive Seasonal (Daily),192,1.26903553299492
2014-03-15 15:00:00,MT_001,Naive Seasonal (Daily),192,1.26903553299492
2014-03-15 15:15:00,MT_001,Naive Seasonal (Daily),192,2.53807106598985
2014-03-15 15:30:00,MT_001,Naive Seasonal (Daily),192,2.53807106598985
2014-03-15 15:45:00,MT_001,Naive Seasonal (Daily),192,1.26903553299492
2014-03-15 16:00:00,MT_001,Naive Seasonal (Daily),192,1.26903553299492
2014-03-15 16:15:00,MT_001,Naive Seasonal (Daily),192,1.26903553299492
2014-03-15 16:30:00,MT_001,Naive Seasonal (Daily),192,1.26903553299492
2014-03-15 16:45:00,MT_001,Naive Seasonal (Daily),192,1.26903553299492
2014-03-15 17:00:00,MT_001,Naive Seasonal (Daily),192,1.26903553299492
2014-03-15 17:15:00,MT_001,Naive Seasonal (Daily),192,2.53807106598985
2014-03-15 17:30:00,MT_001,Naive Seasonal (Daily),192,1.26903553299492
2014-03-15 17:45:00,MT_001,Naive Seasonal (Daily),192,1.26903553299492
2014-03-15 18:00:00,MT_001,Naive Seasonal (Daily),192,2.53807106598985
2014-03-15 18:15:00,MT_001,Naive Seasonal (Daily),192,1.26903553299492
2014-03-15 18:30:00,MT_001,Naive Seasonal (Daily),192,1.26903553299492
2014-03-15 18:45:00,MT_001,Naive Seasonal (Daily),192,1.26903553299492
2014-03-15 19:00:00,MT_001,Naive Seasonal (Daily),192,1.26903553299492
2014-03-15 19:15:00,MT_001,Naive Seasonal (Daily),192,2.53807106598985
2014-03-15 19:30:00,MT_001,Naive Seasonal (Daily),192,1.26903553299492
2014-03-15 19:45:00,MT_001,Naive Seasonal (Daily),192,2.53807106598985
2014-03-15 20:00:00,MT_001,Naive Seasonal (Daily),192,2.53807106598985
2014-03-15 20:15:00,MT_001,Naive Seasonal (Daily),192,2.53807106598985
2014-03-15 20:30:00,MT_001,Naive Seasonal (Daily),192,2.53807106598985
2014-03-15 20:45:00,MT_001,Naive Seasonal (Daily),192,1.26903553299492
2014-03-15 21:00:00,MT_001,Naive Seasonal (Daily),192,2.53807106598985
2014-03-15 21:15:00,MT_001,Naive Seasonal (Daily),192,2.53807106598985
2014-03-15 21:30:00,MT_001,Naive Seasonal (Daily),192,1.26903553299492
2014-03-15 21:45:00,MT_001,Naive Seasonal (Daily),192,2.53807106598985
2014-03-15 22:00:00,MT_001,Naive Seasonal (Daily),192,2.53807106598985
2014-03-15 22:15:00,MT_001,Naive Seasonal (Daily),192,1.26903553299492
2014-03-15 22:30:00,MT_001,Naive Seasonal (Daily),192,2.53807106598985
2014-03-15 22:45:00,MT_001,Naive Seasonal (Daily),192,2.53807106598985
2014-03-15 23:00:00,MT_001,Naive Seasonal (Daily),192,1.26903553299492
2014-03-15 23:15:00,MT_001,Naive Seasonal (Daily),192,2.53807106598985
2014-03-15 23:30:00,MT_001,Naive Seasonal (Daily),192,2.53807106598985
2014-03-15 23:45:00,MT_001,Naive Seasonal (Daily),192,2.53807106598985
2014-03-16 00:00:00,MT_001,Naive Seasonal (Daily),192,1.26903553299492
2014-03-16 00:15:00,MT_001,Naive Seasonal (Daily),192,2.53807106598985
2014-03-16 00:30:00,MT_001,Naive Seasonal (Daily),192,1.26903553299492
2014-03-16 00:45:00,MT_001,Naive Seasonal (Daily),192,2.53807106598985
2014-03-16 01:00:00,MT_001,Naive Seasonal (Daily),192,2.53807106598985
2014-03-16 01:15:00,MT_001,Naive Seasonal (Daily),192,1.26903553299492
2014-03-16 01:30:00,MT_001,Naive Seasonal (Daily),192,2.53807106598985
2014-03-16 01:45:00,MT_001,Naive Seasonal (Daily),192,1.26903553299492
2014-03-16 02:00:00,MT_001,Naive Seasonal (Daily),192,2.53807106598985
2014-03-16 02:15:00,MT_001,Naive Seasonal (Daily),192,2.53807106598985
2014-03-16 02:30:00,MT_001,Naive Seasonal (Daily),192,1.26903553299492
2014-03-16 02:45:00,MT_001,Naive Seasonal (Daily),192,2.53807106598985
2014-03-16 03:00:00,MT_001,Naive Seasonal (Daily),192,2.53807106598985
2014-03-16 03:15:00,MT_001,Naive Seasonal (Daily),192,2.53807106598985
2014-03-16 03:30:00,MT_001,Naive Seasonal (Daily),192,2.53807106598985
2014-03-16 03:45:00,MT_001,Naive Seasonal (Daily),192,1.26903553299492
2014-03-16 04:00:00,MT_001,Naive Seasonal (Daily),192,2.53807106598985
2014-03-16 04:15:00,MT_001,Naive Seasonal (Daily),192,2.53807106598985
2014-03-16 04:30:00,MT_001,Naive Seasonal (Daily),192,1.26903553299492
2014-03-16 04:45:00,MT_001,Naive Seasonal (Daily),192,2.53807106598985
2014-03-16 05:00:00,MT_001,Naive Seasonal (Daily),192,2.53807106598985
2014-03-16 05:15:00,MT_001,Naive Seasonal (Daily),192,2.53807106598985
2014-03-16 05:30:00,MT_001,Naive Seasonal (Daily),192,1.26903553299492
2014-03-16 05:45:00,MT_001,Naive Seasonal (Daily),192,2.53807106598985
2014-03-16 06:00:00,MT_001,Naive Seasonal (Daily),192,1.26903553299492
2014-03-16 06:15:00,MT_001,Naive Seasonal (Daily),192,2.53807106598985
2014-03-16 06:30:00,MT_001,Naive Seasonal (Daily),192,1.26903553299492
2014-03-16 06:45:00,MT_001,Naive Seasonal (Daily),192,3.80710659898477
2014-03-16 07:00:00,MT_001,Naive Seasonal (Daily),192,1.26903553299492
2014-03-16 07:15:00,MT_001,Naive Seasonal (Daily),192,1.26903553299492
2014-03-16 07:30:00,MT_001,Naive Seasonal (Daily),192,1.26903553299492
2014-03-16 07:45:00,MT_001,Naive Seasonal (Daily),192,1.26903553299492
2014-03-16 08:00:00,MT_001,Naive Seasonal (Daily),192,2.53807106598985
2014-03-16 08:15:00,MT_001,Naive Seasonal (Daily),192,0.0
2014-03-16 08:30:00,MT_001,Naive Seasonal (Daily),192,1.26903553299492
2014-03-16 08:45:00,MT_001,Naive Seasonal (Daily),192,1.26903553299492
2014-03-16 09:00:00,MT_001,Naive Seasonal (Daily),192,2.53807106598985
2014-03-16 09:15:00,MT_001,Naive Seasonal (Daily),192,15.2284263959391
2014-03-16 09:30:00,MT_001,Naive Seasonal (Daily),192,10.1522842639594
2014-03-16 09:45:00,MT_001,Naive Seasonal (Daily),192,2.53807106598985
2014-03-16 10:00:00,MT_001,Naive Seasonal (Daily),192,1.26903553299492
2014-03-16 10:15:00,MT_001,Naive Seasonal (Daily),192,1.26903553299492
2014-03-16 10:30:00,MT_001,Naive Seasonal (Daily),192,0.0
2014-03-16 10:45:00,MT_001,Naive Seasonal (Daily),192,1.26903553299492
2014-03-16 11:00:00,MT_001,Naive Seasonal (Daily),192,1.26903553299492
2014-03-16 11:15:00,MT_001,Naive Seasonal (Daily),192,0.0
2014-03-16 11:30:00,MT_001,Naive Seasonal (Daily),192,2.53807106598985
2014-03-16 11:45:00,MT_001,Naive Seasonal (Daily),192,2.53807106598985
2014-03-16 12:00:00,MT_001,Naive Seasonal (Daily),192,1.26903553299492
2014-03-16 12:15:00,MT_001,Naive Seasonal (Daily),192,0.0
2014-03-16 12:30:00,MT_001,Naive Seasonal (Daily),192,1.26903553299492
2014-03-16 12:45:00,MT_001,Naive Seasonal (Daily),192,1.26903553299492
2014-03-16 13:00:00,MT_001,Naive Seasonal (Daily),192,0.0
2014-03-16 13:15:00,MT_001,Naive Seasonal (Daily),192,1.26903553299492
2014-03-16 13:30:00,MT_001,Naive Seasonal (Daily),192,2.53807106598985
2014-03-16 13:45:00,MT_001,Naive Seasonal (Daily),192,0.0
2014-03-16 14:00:00,MT_001,Naive Seasonal (Daily),192,2.53807106598985
2014-03-16 14:15:00,MT_001,Naive Seasonal (Daily),192,0.0
2014-03-16 14:30:00,MT_001,Naive Seasonal (Daily),192,1.26903553299492
2014-03-16 14:45:00,MT_001,Naive Seasonal (Daily),192,1.26903553299492
2014-03-16 15:00:00,MT_001,Naive Seasonal (Daily),192,1.26903553299492
2014-03-16 15:15:00,MT_001,Naive Seasonal (Daily),192,2.53807106598985
2014-03-16 15:30:00,MT_001,Naive Seasonal (Daily),192,2.53807106598985
2014-03-16 15:45:00,MT_001,Naive Seasonal (Daily),192,2.53807106598985
2014-03-16 16:00:00,MT_001,Naive Seasonal (Daily),192,2.53807106598985
2014-03-16 16:15:00,MT_001,Naive Seasonal (Daily),192,1.26903553299492
2014-03-16 16:30:00,MT_001,Naive Seasonal (Daily),192,0.0
2014-03-16 16:45:00,MT_001,Naive Seasonal (Daily),192,1.26903553299492
2014-03-16 17:00:00,MT_001,Naive Seasonal (Daily),192,1.26903553299492
2014-03-16 17:15:00,MT_001,Naive Seasonal (Daily),192,2.53807106598985
2014-03-16 17:30:00,MT_001,Naive Seasonal (Daily),192,2.53807106598985
2014-03-16 17:45:00,MT_001,Naive Seasonal (Daily),192,1.26903553299492
2014-03-16 18:00:00,MT_001,Naive Seasonal (Daily),192,1.26903553299492
2014-03-16 18:15:00,MT_001,Naive Seasonal (Daily),192,1.26903553299492
2014-03-16 18:30:00,MT_001,Naive Seasonal (Daily),192,1.26903553299492
2014-03-16 18:45:00,MT_001,Naive Seasonal (Daily),192,1.26903553299492
2014-03-16 19:00:00,MT_001,Naive Seasonal (Daily),192,1.26903553299492
2014-03-14 19:15:00,MT_001,Naive Seasonal (Daily),672,1.26903553299492
2014-03-14 19:30:00,MT_001,Naive Seasonal (Daily),672,2.53807106598985
2014-03-14 19:45:00,MT_001,Naive Seasonal (Daily),672,1.26903553299492
2014-03-14 20:00:00,MT_001,Naive Seasonal (Daily),672,1.26903553299492
2014-03-14 20:15:00,MT_001,Naive Seasonal (Daily),672,2.53807106598985
2014-03-14 20:30:00,MT_001,Naive Seasonal (Daily),672,1.26903553299492
2014-03-14 20:45:00,MT_001,Naive Seasonal (Daily),672,1.26903553299492
2014-03-14 21:00:00,MT_001,Naive Seasonal (Daily),672,2.53807106598985
2014-03-14 21:15:00,MT_001,Naive Seasonal (Daily),672,1.26903553299492
2014-03-14 21:30:00,MT_001,Naive Seasonal (Daily),672,2.53807106598985
2014-03-14 21:45:00,MT_001,Naive Seasonal (Daily),672,1.26903553299492
2014-03-14 22:00:00,MT_001,Naive Seasonal (Daily),672,2.53807106598985
2014-03-14 22:15:00,MT_001,Naive Seasonal (Daily),672,2.53807106598985
2014-03-14 22:30:00,MT_001,Naive Seasonal (Daily),672,1.26903553299492
2014-03-14 22:45:00,MT_001,Naive Seasonal (Daily),672,1.26903553299492
2014-03-14 23:00:00,MT_001,Naive Seasonal (Daily),672,2.53807106598985
2014-03-14 23:15:00,MT_001,Naive Seasonal (Daily),672,1.26903553299492
2014-03-14 23:30:00,MT_001,Naive Seasonal (Daily),672,2.53807106598985
2014-03-14 23:45:00,MT_001,Naive Seasonal (Daily),672,1.26903553299492
2014-03-15 00:00:00,MT_001,Naive Seasonal (Daily),672,1.26903553299492
2014-03-15 00:15:00,MT_001,Naive Seasonal (Daily),672,1.26903553299492
2014-03-15 00:30:00,MT_001,Naive Seasonal (Daily),672,2.53807106598985
2014-03-15 00:45:00,MT_001,Naive Seasonal (Daily),672,1.26903553299492
2014-03-15 01:00:00,MT_001,Naive Seasonal (Daily),672,2.53807106598985
2014-03-15 01:15:00,MT_001,Naive Seasonal (Daily),672,1.26903553299492
2014-03-15 01:30:00,MT_001,Naive Seasonal (Daily),672,1.26903553299492
2014-03-15 01:45:00,MT_001,Naive Seasonal (Daily),672,2.53807106598985
2014-03-15 02:00:00,MT_001,Naive Seasonal (Daily),672,2.53807106598985
2014-03-15 02:15:00,MT_001,Naive Seasonal (Daily),672,1.26903553299492
2014-03-15 02:30:00,MT_001,Naive Seasonal (Daily),672,2.53807106598985
2014-03-15 02:45:00,MT_001,Naive Seasonal (Daily),672,1.26903553299492
2014-03-15 03:00:00,MT_001,Naive Seasonal (Daily),672,1.26903553299492
2014-03-15 03:15:00,MT_001,Naive Seasonal (Daily),672,2.53807106598985
2014-03-15 03:30:00,MT_001,Naive Seasonal (Daily),672,1.26903553299492
2014-03-15 03:45:00,MT_001,Naive Seasonal (Daily),672,2.53807106598985
2014-03-15 04:00:00,MT_001,Naive Seasonal (Daily),672,1.26903553299492
2014-03-15 04:15:00,MT_001,Naive Seasonal (Daily),672,1.26903553299492
2014-03-15 04:30:00,MT_001,Naive Seasonal (Daily),672,2.53807106598985
2014-03-15 04:45:00,MT_001,Naive Seasonal (Daily),672,1.26903553299492
2014-03-15 05:00:00,MT_001,Naive Seasonal (Daily),672,2.53807106598985
2014-03-15 05:15:00,MT_001,Naive Seasonal (Daily),672,1.26903553299492
2014-03-15 05:30:00,MT_001,Naive Seasonal (Daily),672,2.53807106598985
2014-03-15 05:45:00,MT_001,Naive Seasonal (Daily),672,2.53807106598985
2014-03-15 06:00:00,MT_001,Naive Seasonal (Daily),672,1.26903553299492
2014-03-15 06:15:00,MT_001,Naive Seasonal (Daily),672,2.53807106598985
2014-03-15 06:30:00,MT_001,Naive Seasonal (Daily),672,1.26903553299492
2014-03-15 06:45:00,MT_001,Naive Seasonal (Daily),672,1.26903553299492
2014-03-15 07:00:00,MT_001,Naive Seasonal (Daily),672,1.26903553299492
2014-03-15 07:15:00,MT_001,Naive Seasonal (Daily),672,1.26903553299492
2014-03-15 07:30:00,MT_001,Naive Seasonal (Daily),672,1.26903553299492
2014-03-15 07:45:00,MT_001,Naive Seasonal (Daily),672,1.26903553299492
2014-03-15 08:00:00,MT_001,Naive Seasonal (Daily),672,1.26903553299492
2014-03-15 08:15:00,MT_001,Naive Seasonal (Daily),672,0.0
2014-03-15 08:30:00,MT_001,Naive Seasonal (Daily),672,1.26903553299492
2014-03-15 08:45:00,MT_001,Naive Seasonal (Daily),672,1.26903553299492
2014-03-15 09:00:00,MT_001,Naive Seasonal (Daily),672,1.26903553299492
2014-03-15 09:15:00,MT_001,Naive Seasonal (Daily),672,1.26903553299492
2014-03-15 09:30:00,MT_001,Naive Seasonal (Daily),672,1.26903553299492
2014-03-15 09:45:00,MT_001,Naive Seasonal (Daily),672,1.26903553299492
2014-03-15 10:00:00,MT_001,Naive Seasonal (Daily),672,1.26903553299492
2014-03-15 10:15:00,MT_001,Naive Seasonal (Daily),672,1.26903553299492
2014-03-15 10:30:00,MT_001,Naive Seasonal (Daily),672,1.26903553299492
2014-03-15 10:45:00,MT_001,Naive Seasonal (Daily),672,1.26903553299492
2014-03-15 11:00:00,MT_001,Naive Seasonal (Daily),672,0.0
2014-03-15 11:15:00,MT_001,Naive Seasonal (Daily),672,1.26903553299492
2014-03-15 11:30:00,MT_001,Naive Seasonal (Daily),672,1.26903553299492
2014-03-15 11:45:00,MT_001,Naive Seasonal (Daily),672,1.26903553299492
2014-03-15 12:00:00,MT_001,Naive Seasonal (Daily),672,0.0
2014-03-15 12:15:00,MT_001,Naive Seasonal (Daily),672,1.26903553299492
2014-03-15 12:30:00,MT_001,Naive Seasonal (Daily),672,1.26903553299492
2014-03-15 12:45:00,MT_001,Naive Seasonal (Daily),672,1.26903553299492
2014-03-15 13:00:00,MT_001,Naive Seasonal (Daily),672,0.0
2014-03-15 13:15:00,MT_001,Naive Seasonal (Daily),672,1.26903553299492
2014-03-15 13:30:00,MT_001,Naive Seasonal (Daily),672,1.26903553299492
2014-03-15 13:45:00,MT_001,Naive Seasonal (Daily),672,1.26903553299492
2014-03-15 14:00:00,MT_001,Naive Seasonal (Daily),672,1.26903553299492
2014-03-15 14:15:00,MT_001,Naive Seasonal (Daily),672,1.26903553299492
2014-03-15 14:30:00,MT_001,Naive Seasonal (Daily),672,1.26903553299492
2014-03-15 14:45:00,MT_001,Naive Seasonal (Daily),672,1.26903553299492
2014-03-15 15:00:00,MT_001,Naive Seasonal (Daily),672,1.26903553299492
2014-03-15 15:15:00,MT_001,Naive Seasonal (Daily),672,1.26903553299492
2014-03-15 15:30:00,MT_001,Naive Seasonal (Daily),672,1.26903553299492
2014-03-15 15:45:00,MT_001,Naive Seasonal (Daily),672,0.0
2014-03-15 16:00:00,MT_001,Naive Seasonal (Daily),672,1.26903553299492
2014-03-15 16:15:00,MT_001,Naive Seasonal (Daily),672,1.26903553299492
2014-03-15 16:30:00,MT_001,Naive Seasonal (Daily),672,1.26903553299492
2014-03-15 16:45:00,MT_001,Naive Seasonal (Daily),672,1.26903553299492
2014-03-15 17:00:00,MT_001,Naive Seasonal (Daily),672,1.26903553299492
2014-03-15 17:15:00,MT_001,Naive Seasonal (Daily),672,0.0
2014-03-15 17:30:00,MT_001,Naive Seasonal (Daily),672,1.26903553299492
2014-03-15 17:45:00,MT_001,Naive Seasonal (Daily),672,1.26903553299492
2014-03-15 18:00:00,MT_001,Naive Seasonal (Daily),672,2.53807106598985
2014-03-15 18:15:00,MT_001,Naive Seasonal (Daily),672,0.0
2014-03-15 18:30:00,MT_001,Naive Seasonal (Daily),672,1.26903553299492
2014-03-15 18:45:00,MT_001,Naive Seasonal (Daily),672,1.26903553299492
2014-03-15 19:00:00,MT_001,Naive Seasonal (Daily),672,1.26903553299492
2014-03-15 19:15:00,MT_001,Naive Seasonal (Daily),672,1.26903553299492
2014-03-15 19:30:00,MT_001,Naive Seasonal (Daily),672,2.53807106598985
2014-03-15 19:45:00,MT_001,Naive Seasonal (Daily),672,1.26903553299492
2014-03-15 20:00:00,MT_001,Naive Seasonal (Daily),672,2.53807106598985
2014-03-15 20:15:00,MT_001,Naive Seasonal (Daily),672,1.26903553299492
2014-03-15 20:30:00,MT_001,Naive Seasonal (Daily),672,2.53807106598985
2014-03-15 20:45:00,MT_001,Naive Seasonal (Daily),672,1.26903553299492
2014-03-15 21:00:00,MT_001,Naive Seasonal (Daily),672,1.26903553299492
2014-03-15 21:15:00,MT_001,Naive Seasonal (Daily),672,2.53807106598985
2014-03-15 21:30:00,MT_001,Naive Seasonal (Daily),672,1.26903553299492
2014-03-15 21:45:00,MT_001,Naive Seasonal (Daily),672,2.53807106598985
2014-03-15 22:00:00,MT_001,Naive Seasonal (Daily),672,1.26903553299492
2014-03-15 22:15:00,MT_001,Naive Seasonal (Daily),672,2.53807106598985
2014-03-15 22:30:00,MT_001,Naive Seasonal (Daily),672,1.26903553299492
2014-03-15 22:45:00,MT_001,Naive Seasonal (Daily),672,1.26903553299492
2014-03-15 23:00:00,MT_001,Naive Seasonal (Daily),672,2.53807106598985
2014-03-15 23:15:00,MT_001,Naive Seasonal (Daily),672,1.26903553299492
2014-03-15 23:30:00,MT_001,Naive Seasonal (Daily),672,2.53807106598985
2014-03-15 23:45:00,MT_001,Naive Seasonal (Daily),672,1.26903553299492
2014-03-16 00:00:00,MT_001,Naive Seasonal (Daily),672,1.26903553299492
2014-03-16 00:15:00,MT_001,Naive Seasonal (Daily),672,1.26903553299492
2014-03-16 00:30:00,MT_001,Naive Seasonal (Daily),672,2.53807106598985
2014-03-16 00:45:00,MT_001,Naive Seasonal (Daily),672,1.26903553299492
2014-03-16 01:00:00,MT_001,Naive Seasonal (Daily),672,1.26903553299492
2014-03-16 01:15:00,MT_001,Naive Seasonal (Daily),672,2.53807106598985
2014-03-16 01:30:00,MT_001,Naive Seasonal (Daily),672,1.26903553299492
2014-03-16 01:45:00,MT_001,Naive Seasonal (Daily),672,3.80710659898477
2014-03-16 02:00:00,MT_001,Naive Seasonal (Daily),672,1.26903553299492
2014-03-16 02:15:00,MT_001,Naive Seasonal (Daily),672,2.53807106598985
2014-03-16 02:30:00,MT_001,Naive Seasonal (Daily),672,1.26903553299492
2014-03-16 02:45:00,MT_001,Naive Seasonal (Daily),672,1.26903553299492
2014-03-16 03:00:00,MT_001,Naive Seasonal (Daily),672,2.53807106598985
2014-03-16 03:15:00,MT_001,Naive Seasonal (Daily),672,1.26903553299492
2014-03-16 03:30:00,MT_001,Naive Seasonal (Daily),672,1.26903553299492
2014-03-16 03:45:00,MT_001,Naive Seasonal (Daily),672,2.53807106598985
2014-03-16 04:00:00,MT_001,Naive Seasonal (Daily),672,1.26903553299492
2014-03-16 04:15:00,MT_001,Naive Seasonal (Daily),672,1.26903553299492
2014-03-16 04:30:00,MT_001,Naive Seasonal (Daily),672,2.53807106598985
2014-03-16 04:45:00,MT_001,Naive Seasonal (Daily),672,1.26903553299492
2014-03-16 05:00:00,MT_001,Naive Seasonal (Daily),672,1.26903553299492
2014-03-16 05:15:00,MT_001,Naive Seasonal (Daily),672,2.53807106598985
2014-03-16 05:30:00,MT_001,Naive Seasonal (Daily),672,1.26903553299492
2014-03-16 05:45:00,MT_001,Naive Seasonal (Daily),672,2.53807106598985
2014-03-16 06:00:00,MT_001,Naive Seasonal (Daily),672,1.26903553299492
2014-03-16 06:15:00,MT_001,Naive Seasonal (Daily),672,2.53807106598985
2014-03-16 06:30:00,MT_001,Naive Seasonal (Daily),672,2.53807106598985
2014-03-16 06:45:00,MT_001,Naive Seasonal (Daily),672,1.26903553299492
2014-03-16 07:00:00,MT_001,Naive Seasonal (Daily),672,1.26903553299492
2014-03-16 07:15:00,MT_001,Naive Seasonal (Daily),672,2.53807106598985
2014-03-16 07:30:00,MT_001,Naive Seasonal (Daily),672,0.0
2014-03-16 07:45:00,MT_001,Naive Seasonal (Daily),672,1.26903553299492
2014-03-16 08:00:00,MT_001,Naive Seasonal (Daily),672,1.26903553299492
2014-03-16 08:15:00,MT_001,Naive Seasonal (Daily),672,1.26903553299492
2014-03-16 08:30:00,MT_001,Naive Seasonal (Daily),672,1.26903553299492
2014-03-16 08:45:00,MT_001,Naive Seasonal (Daily),672,0.0
2014-03-16 09:00:00,MT_001,Naive Seasonal (Daily),672,1.26903553299492
2014-03-16 09:15:00,MT_001,Naive Seasonal (Daily),672,1.26903553299492
2014-03-16 09:30:00,MT_001,Naive Seasonal (Daily),672,1.26903553299492
2014-03-16 09:45:00,MT_001,Naive Seasonal (Daily),672,0.0
2014-03-16 10:00:00,MT_001,Naive Seasonal (Daily),672,2.53807106598985
2014-03-16 10:15:00,MT_001,Naive Seasonal (Daily),672,1.26903553299492
2014-03-16 10:30:00,MT_001,Naive Seasonal (Daily),672,1.26903553299492
2014-03-16 10:45:00,MT_001,Naive Seasonal (Daily),672,0.0
2014-03-16 11:00:00,MT_001,Naive Seasonal (Daily),672,1.26903553299492
2014-03-16 11:15:00,MT_001,Naive Seasonal (Daily),672,1.26903553299492
2014-03-16 11:30:00,MT_001,Naive Seasonal (Daily),672,1.26903553299492
2014-03-16 11:45:00,MT_001,Naive Seasonal (Daily),672,0.0
2014-03-16 12:00:00,MT_001,Naive Seasonal (Daily),672,1.26903553299492
2014-03-16 12:15:00,MT_001,Naive Seasonal (Daily),672,1.26903553299492
2014-03-16 12:30:00,MT_001,Naive Seasonal (Daily),672,1.26903553299492
2014-03-16 12:45:00,MT_001,Naive Seasonal (Daily),672,1.26903553299492
2014-03-16 13:00:00,MT_001,Naive Seasonal (Daily),672,0.0
2014-03-16 13:15:00,MT_001,Naive Seasonal (Daily),672,1.26903553299492
2014-03-16 13:30:00,MT_001,Naive Seasonal (Daily),672,1.26903553299492
2014-03-16 13:45:00,MT_001,Naive Seasonal (Daily),672,2.53807106598985
2014-03-16 14:00:00,MT_001,Naive Seasonal (Daily),672,0.0
2014-03-16 14:15:00,MT_001,Naive Seasonal (Daily),672,1.26903553299492
2014-03-16 14:30:00,MT_001,Naive Seasonal (Daily),672,1.26903553299492
2014-03-16 14:45:00,MT_001,Naive Seasonal (Daily),672,1.26903553299492
2014-03-16 15:00:00,MT_001,Naive Seasonal (Daily),672,0.0
2014-03-16 15:15:00,MT_001,Naive Seasonal (Daily),672,1.26903553299492
2014-03-16 15:30:00,MT_001,Naive Seasonal (Daily),672,1.26903553299492
2014-03-16 15:45:00,MT_001,Naive Seasonal (Daily),672,1.26903553299492
2014-03-16 16:00:00,MT_001,Naive Seasonal (Daily),672,1.26903553299492
2014-03-16 16:15:00,MT_001,Naive Seasonal (Daily),672,0.0
2014-03-16 16:30:00,MT_001,Naive Seasonal (Daily),672,1.26903553299492
2014-03-16 16:45:00,MT_001,Naive Seasonal (Daily),672,1.26903553299492
2014-03-16 17:00:00,MT_001,Naive Seasonal (Daily),672,1.26903553299492
2014-03-16 17:15:00,MT_001,Naive Seasonal (Daily),672,0.0
2014-03-16 17:30:00,MT_001,Naive Seasonal (Daily),672,1.26903553299492
2014-03-16 17:45:00,MT_001,Naive Seasonal (Daily),672,2.53807106598985
2014-03-16 18:00:00,MT_001,Naive Seasonal (Daily),672,0.0
2014-03-16 18:15:00,MT_001,Naive Seasonal (Daily),672,1.26903553299492
2014-03-16 18:30:00,MT_001,Naive Seasonal (Daily),672,1.26903553299492
2014-03-16 18:45:00,MT_001,Naive Seasonal (Daily),672,1.26903553299492
2014-03-16 19:00:00,MT_001,Naive Seasonal (Daily),672,1.26903553299492
2014-03-16 19:15:00,MT_001,Naive Seasonal (Daily),672,1.26903553299492
2014-03-16 19:30:00,MT_001,Naive Seasonal (Daily),672,2.53807106598985
2014-03-16 19:45:00,MT_001,Naive Seasonal (Daily),672,1.26903553299492
2014-03-16 20:00:00,MT_001,Naive Seasonal (Daily),672,2.53807106598985
2014-03-16 20:15:00,MT_001,Naive Seasonal (Daily),672,1.26903553299492
2014-03-16 20:30:00,MT_001,Naive Seasonal (Daily),672,1.26903553299492
2014-03-16 20:45:00,MT_001,Naive Seasonal (Daily),672,2.53807106598985
2014-03-16 21:00:00,MT_001,Naive Seasonal (Daily),672,1.26903553299492
2014-03-16 21:15:00,MT_001,Naive Seasonal (Daily),672,1.26903553299492
2014-03-16 21:30:00,MT_001,Naive Seasonal (Daily),672,3.80710659898477
2014-03-16 21:45:00,MT_001,Naive Seasonal (Daily),672,1.26903553299492
2014-03-16 22:00:00,MT_001,Naive Seasonal (Daily),672,2.53807106598985
2014-03-16 22:15:00,MT_001,Naive Seasonal (Daily),672,1.26903553299492
2014-03-16 22:30:00,MT_001,Naive Seasonal (Daily),672,1.26903553299492
2014-03-16 22:45:00,MT_001,Naive Seasonal (Daily),672,2.53807106598985
2014-03-16 23:00:00,MT_001,Naive Seasonal (Daily),672,1.26903553299492
2014-03-16 23:15:00,MT_001,Naive Seasonal (Daily),672,2.53807106598985
2014-03-16 23:30:00,MT_001,Naive Seasonal (Daily),672,1.26903553299492
2014-03-16 23:45:00,MT_001,Naive Seasonal (Daily),672,1.26903553299492
2014-03-17 00:00:00,MT_001,Naive Seasonal (Daily),672,2.53807106598985
2014-03-17 00:15:00,MT_001,Naive Seasonal (Daily),672,1.26903553299492
2014-03-17 00:30:00,MT_001,Naive Seasonal (Daily),672,2.53807106598985
2014-03-17 00:45:00,MT_001,Naive Seasonal (Daily),672,1.26903553299492
2014-03-17 01:00:00,MT_001,Naive Seasonal (Daily),672,1.26903553299492
2014-03-17 01:15:00,MT_001,Naive Seasonal (Daily),672,2.53807106598985
2014-03-17 01:30:00,MT_001,Naive Seasonal (Daily),672,2.53807106598985
2014-03-17 01:45:00,MT_001,Naive Seasonal (Daily),672,1.26903553299492
2014-03-17 02:00:00,MT_001,Naive Seasonal (Daily),672,2.53807106598985
2014-03-17 02:15:00,MT_001,Naive Seasonal (Daily),672,1.26903553299492
2014-03-17 02:30:00,MT_001,Naive Seasonal (Daily),672,1.26903553299492
2014-03-17 02:45:00,MT_001,Naive Seasonal (Daily),672,2.53807106598985
2014-03-17 03:00:00,MT_001,Naive Seasonal (Daily),672,1.26903553299492
2014-03-17 03:15:00,MT_001,Naive Seasonal (Daily),672,2.53807106598985
2014-03-17 03:30:00,MT_001,Naive Seasonal (Daily),672,1.26903553299492
2014-03-17 03:45:00,MT_001,Naive Seasonal (Daily),672,1.26903553299492
2014-03-17 04:00:00,MT_001,Naive Seasonal (Daily),672,2.53807106598985
2014-03-17 04:15:00,MT_001,Naive Seasonal (Daily),672,1.26903553299492
2014-03-17 04:30:00,MT_001,Naive Seasonal (Daily),672,1.26903553299492
2014-03-17 04:45:00,MT_001,Naive Seasonal (Daily),672,2.53807106598985
2014-03-17 05:00:00,MT_001,Naive Seasonal (Daily),672,1.26903553299492
2014-03-17 05:15:00,MT_001,Naive Seasonal (Daily),672,2.53807106598985
2014-03-17 05:30:00,MT_001,Naive Seasonal (Daily),672,2.53807106598985
2014-03-17 05:45:00,MT_001,Naive Seasonal (Daily),672,1.26903553299492
2014-03-17 06:00:00,MT_001,Naive Seasonal (Daily),672,2.53807106598985
2014-03-17 06:15:00,MT_001,Naive Seasonal (Daily),672,1.26903553299492
2014-03-17 06:30:00,MT_001,Naive Seasonal (Daily),672,1.26903553299492
2014-03-17 06:45:00,MT_001,Naive Seasonal (Daily),672,2.53807106598985
2014-03-17 07:00:00,MT_001,Naive Seasonal (Daily),672,1.26903553299492
2014-03-17 07:15:00,MT_001,Naive Seasonal (Daily),672,0.0
2014-03-17 07:30:00,MT_001,Naive Seasonal (Daily),672,1.26903553299492
2014-03-17 07:45:00,MT_001,Naive Seasonal (Daily),672,1.26903553299492
2014-03-17 08:00:00,MT_001,Naive Seasonal (Daily),672,1.26903553299492
2014-03-17 08:15:00,MT_001,Naive Seasonal (Daily),672,2.53807106598985
2014-03-17 08:30:00,MT_001,Naive Seasonal (Daily),672,1.26903553299492
2014-03-17 08:45:00,MT_001,Naive Seasonal (Daily),672,2.53807106598985
2014-03-17 09:00:00,MT_001,Naive Seasonal (Daily),672,8.88324873096447
2014-03-17 09:15:00,MT_001,Naive Seasonal (Daily),672,15.2284263959391
2014-03-17 09:30:00,MT_001,Naive Seasonal (Daily),672,15.2284263959391
2014-03-17 09:45:00,MT_001,Naive Seasonal (Daily),672,1.26903553299492
2014-03-17 10:00:00,MT_001,Naive Seasonal (Daily),672,0.0
2014-03-17 10:15:00,MT_001,Naive Seasonal (Daily),672,1.26903553299492
2014-03-17 10:30:00,MT_001,Naive Seasonal (Daily),672,7.61421319796954
2014-03-17 10:45:00,MT_001,Naive Seasonal (Daily),672,20.3045685279188
2014-03-17 11:00:00,MT_001,Naive Seasonal (Daily),672,20.3045685279188
2014-03-17 11:15:00,MT_001,Naive Seasonal (Daily),672,17.7664974619289
2014-03-17 11:30:00,MT_001,Naive Seasonal (Daily),672,19.0355329949239
2014-03-17 11:45:00,MT_001,Naive Seasonal (Daily),672,5.0761421319797
2014-03-17 12:00:00,MT_001,Naive Seasonal (Daily),672,1.26903553299492
2014-03-17 12:15:00,MT_001,Naive Seasonal (Daily),672,2.53807106598985
2014-03-17 12:30:00,MT_001,Naive Seasonal (Daily),672,2.53807106598985
2014-03-17 12:45:00,MT_001,Naive Seasonal (Daily),672,1.26903553299492
2014-03-17 13:00:00,MT_001,Naive Seasonal (Daily),672,1.26903553299492
2014-03-17 13:15:00,MT_001,Naive Seasonal (Daily),672,1.26903553299492
2014-03-17 13:30:00,MT_001,Naive Seasonal (Daily),672,0.0
2014-03-17 13:45:00,MT_001,Naive Seasonal (Daily),672,1.26903553299492
2014-03-17 14:00:00,MT_001,Naive Seasonal (Daily),672,0.0
2014-03-17 14:15:00,MT_001,Naive Seasonal (Daily),672,2.53807106598985
2014-03-17 14:30:00,MT_001,Naive Seasonal (Daily),672,1.26903553299492
2014-03-17 14:45:00,MT_001,Naive Seasonal (Daily),672,1.26903553299492
2014-03-17 15:00:00,MT_001,Naive Seasonal (Daily),672,2.53807106598985
2014-03-17 15:15:00,MT_001,Naive Seasonal (Daily),672,3.80710659898477
2014-03-17 15:30:00,MT_001,Naive Seasonal (Daily),672,2.53807106598985
2014-03-17 15:45:00,MT_001,Naive Seasonal (Daily),672,2.53807106598985
2014-03-17 16:00:00,MT_001,Naive Seasonal (Daily),672,2.53807106598985
2014-03-17 16:15:00,MT_001,Naive Seasonal (Daily),672,2.53807106598985
2014-03-17 16:30:00,MT_001,Naive Seasonal (Daily),672,3.80710659898477
2014-03-17 16:45:00,MT_001,Naive Seasonal (Daily),672,1.26903553299492
2014-03-17 17:00:00,MT_001,Naive Seasonal (Daily),672,1.26903553299492
2014-03-17 17:15:00,MT_001,Naive Seasonal (Daily),672,2.53807106598985
2014-03-17 17:30:00,MT_001,Naive Seasonal (Daily),672,0.0
2014-03-17 17:45:00,MT_001,Naive Seasonal (Daily),672,1.26903553299492
2014-03-17 18:00:00,MT_001,Naive Seasonal (Daily),672,1.26903553299492
2014-03-17 18:15:00,MT_001,Naive Seasonal (Daily),672,2.53807106598985
2014-03-17 18:30:00,MT_001,Naive Seasonal (Daily),672,1.26903553299492
2014-03-17 18:45:00,MT_001,Naive Seasonal (Daily),672,1.26903553299492
2014-03-17 19:00:00,MT_001,Naive Seasonal (Daily),672,1.26903553299492
2014-03-17 19:15:00,MT_001,Naive Seasonal (Daily),672,2.53807106598985
2014-03-17 19:30:00,MT_001,Naive Seasonal (Daily),672,1.26903553299492
2014-03-17 19:45:00,MT_001,Naive Seasonal (Daily),672,2.53807106598985
2014-03-17 20:00:00,MT_001,Naive Seasonal (Daily),672,1.26903553299492
2014-03-17 20:15:00,MT_001,Naive Seasonal (Daily),672,2.53807106598985
2014-03-17 20:30:00,MT_001,Naive Seasonal (Daily),672,2.53807106598985
2014-03-17 20:45:00,MT_001,Naive Seasonal (Daily),672,2.53807106598985
2014-03-17 21:00:00,MT_001,Naive Seasonal (Daily),672,2.53807106598985
2014-03-17 21:15:00,MT_001,Naive Seasonal (Daily),672,1.26903553299492
2014-03-17 21:30:00,MT_001,Naive Seasonal (Daily),672,2.53807106598985
2014-03-17 21:45:00,MT_001,Naive Seasonal (Daily),672,2.53807106598985
2014-03-17 22:00:00,MT_001,Naive Seasonal (Daily),672,1.26903553299492
2014-03-17 22:15:00,MT_001,Naive Seasonal (Daily),672,1.26903553299492
2014-03-17 22:30:00,MT_001,Naive Seasonal (Daily),672,2.53807106598985
2014-03-17 22:45:00,MT_001,Naive Seasonal (Daily),672,2.53807106598985
2014-03-17 23:00:00,MT_001,Naive Seasonal (Daily),672,1.26903553299492
2014-03-17 23:15:00,MT_001,Naive Seasonal (Daily),672,2.53807106598985
2014-03-17 23:30:00,MT_001,Naive Seasonal (Daily),672,1.26903553299492
2014-03-17 23:45:00,MT_001,Naive Seasonal (Daily),672,2.53807106598985
2014-03-18 00:00:00,MT_001,Naive Seasonal (Daily),672,1.26903553299492
2014-03-18 00:15:00,MT_001,Naive Seasonal (Daily),672,2.53807106598985
2014-03-18 00:30:00,MT_001,Naive Seasonal (Daily),672,1.26903553299492
2014-03-18 00:45:00,MT_001,Naive Seasonal (Daily),672,3.80710659898477
2014-03-18 01:00:00,MT_001,Naive Seasonal (Daily),672,1.26903553299492
2014-03-18 01:15:00,MT_001,Naive Seasonal (Daily),672,2.53807106598985
2014-03-18 01:30:00,MT_001,Naive Seasonal (Daily),672,2.53807106598985
2014-03-18 01:45:00,MT_001,Naive Seasonal (Daily),672,1.26903553299492
2014-03-18 02:00:00,MT_001,Naive Seasonal (Daily),672,2.53807106598985
2014-03-18 02:15:00,MT_001,Naive Seasonal (Daily),672,2.53807106598985
2014-03-18 02:30:00,MT_001,Naive Seasonal (Daily),672,1.26903553299492
2014-03-18 02:45:00,MT_001,Naive Seasonal (Daily),672,2.53807106598985
2014-03-18 03:00:00,MT_001,Naive Seasonal (Daily),672,2.53807106598985
2014-03-18 03:15:00,MT_001,Naive Seasonal (Daily),672,1.26903553299492
2014-03-18 03:30:00,MT_001,Naive Seasonal (Daily),672,2.53807106598985
2014-03-18 03:45:00,MT_001,Naive Seasonal (Daily),672,2.53807106598985
2014-03-18 04:00:00,MT_001,Naive Seasonal (Daily),672,1.26903553299492
2014-03-18 04:15:00,MT_001,Naive Seasonal (Daily),672,2.53807106598985
2014-03-18 04:30:00,MT_001,Naive Seasonal (Daily),672,2.53807106598985
2014-03-18 04:45:00,MT_001,Naive Seasonal (Daily),672,2.53807106598985
2014-03-18 05:00:00,MT_001,Naive Seasonal (Daily),672,2.53807106598985
2014-03-18 05:15:00,MT_001,Naive Seasonal (Daily),672,2.53807106598985
2014-03-18 05:30:00,MT_001,Naive Seasonal (Daily),672,1.26903553299492
2014-03-18 05:45:00,MT_001,Naive Seasonal (Daily),672,2.53807106598985
2014-03-18 06:00:00,MT_001,Naive Seasonal (Daily),672,1.26903553299492
2014-03-18 06:15:00,MT_001,Naive Seasonal (Daily),672,2.53807106598985
2014-03-18 06:30:00,MT_001,Naive Seasonal (Daily),672,2.53807106598985
2014-03-18 06:45:00,MT_001,Naive Seasonal (Daily),672,2.53807106598985
2014-03-18 07:00:00,MT_001,Naive Seasonal (Daily),672,0.0
2014-03-18 07:15:00,MT_001,Naive Seasonal (Daily),672,2.53807106598985
2014-03-18 07:30:00,MT_001,Naive Seasonal (Daily),672,1.26903553299492
2014-03-18 07:45:00,MT_001,Naive Seasonal (Daily),672,1.26903553299492
2014-03-18 08:00:00,MT_001,Naive Seasonal (Daily),672,1.26903553299492
2014-03-18 08:15:00,MT_001,Naive Seasonal (Daily),672,1.26903553299492
2014-03-18 08:30:00,MT_001,Naive Seasonal (Daily),672,2.53807106598985
2014-03-18 08:45:00,MT_001,Naive Seasonal (Daily),672,1.26903553299492
2014-03-18 09:00:00,MT_001,Naive Seasonal (Daily),672,0.0
2014-03-18 09:15:00,MT_001,Naive Seasonal (Daily),672,1.26903553299492
2014-03-18 09:30:00,MT_001,Naive Seasonal (Daily),672,1.26903553299492
2014-03-18 09:45:00,MT_001,Naive Seasonal (Daily),672,1.26903553299492
2014-03-18 10:00:00,MT_001,Naive Seasonal (Daily),672,1.26903553299492
2014-03-18 10:15:00,MT_001,Naive Seasonal (Daily),672,2.53807106598985
2014-03-18 10:30:00,MT_001,Naive Seasonal (Daily),672,5.0761421319797
2014-03-18 10:45:00,MT_001,Naive Seasonal (Daily),672,5.0761421319797
2014-03-18 11:00:00,MT_001,Naive Seasonal (Daily),672,6.34517766497462
2014-03-18 11:15:00,MT_001,Naive Seasonal (Daily),672,6.34517766497462
2014-03-18 11:30:00,MT_001,Naive Seasonal (Daily),672,7.61421319796954
2014-03-18 11:45:00,MT_001,Naive Seasonal (Daily),672,6.34517766497462
2014-03-18 12:00:00,MT_001,Naive Seasonal (Daily),672,5.0761421319797
2014-03-18 12:15:00,MT_001,Naive Seasonal (Daily),672,5.0761421319797
2014-03-18 12:30:00,MT_001,Naive Seasonal (Daily),672,1.26903553299492
2014-03-18 12:45:00,MT_001,Naive Seasonal (Daily),672,1.26903553299492
2014-03-18 13:00:00,MT_001,Naive Seasonal (Daily),672,1.26903553299492
2014-03-18 13:15:00,MT_001,Naive Seasonal (Daily),672,1.26903553299492
2014-03-18 13:30:00,MT_001,Naive Seasonal (Daily),672,1.26903553299492
2014-03-18 13:45:00,MT_001,Naive Seasonal (Daily),672,2.53807106598985
2014-03-18 14:00:00,MT_001,Naive Seasonal (Daily),672,1.26903553299492
2014-03-18 14:15:00,MT_001,Naive Seasonal (Daily),672,3.80710659898477
2014-03-18 14:30:00,MT_001,Naive Seasonal (Daily),672,6.34517766497462
2014-03-18 14:45:00,MT_001,Naive Seasonal (Daily),672,5.0761421319797
2014-03-18 15:00:00,MT_001,Naive Seasonal (Daily),672,6.34517766497462
2014-03-18 15:15:00,MT_001,Naive Seasonal (Daily),672,7.61421319796954
2014-03-18 15:30:00,MT_001,Naive Seasonal (Daily),672,10.1522842639594
2014-03-18 15:45:00,MT_001,Naive Seasonal (Daily),672,1.26903553299492
2014-03-18 16:00:00,MT_001,Naive Seasonal (Daily),672,0.0
2014-03-18 16:15:00,MT_001,Naive Seasonal (Daily),672,1.26903553299492
2014-03-18 16:30:00,MT_001,Naive Seasonal (Daily),672,2.53807106598985
2014-03-18 16:45:00,MT_001,Naive Seasonal (Daily),672,1.26903553299492
2014-03-18 17:00:00,MT_001,Naive Seasonal (Daily),672,0.0
2014-03-18 17:15:00,MT_001,Naive Seasonal (Daily),672,1.26903553299492
2014-03-18 17:30:00,MT_001,Naive Seasonal (Daily),672,1.26903553299492
2014-03-18 17:45:00,MT_001,Naive Seasonal (Daily),672,1.26903553299492
2014-03-18 18:00:00,MT_001,Naive Seasonal (Daily),672,1.26903553299492
2014-03-18 18:15:00,MT_001,Naive Seasonal (Daily),672,1.26903553299492
2014-03-18 18:30:00,MT_001,Naive Seasonal (Daily),672,0.0
2014-03-18 18:45:00,MT_001,Naive Seasonal (Daily),672,1.26903553299492
2014-03-18 19:00:00,MT_001,Naive Seasonal (Daily),672,1.26903553299492
2014-03-18 19:15:00,MT_001,Naive Seasonal (Daily),672,1.26903553299492
2014-03-18 19:30:00,MT_001,Naive Seasonal (Daily),672,2.53807106598985
2014-03-18 19:45:00,MT_001,Naive Seasonal (Daily),672,1.26903553299492
2014-03-18 20:00:00,MT_001,Naive Seasonal (Daily),672,2.53807106598985
2014-03-18 20:15:00,MT_001,Naive Seasonal (Daily),672,1.26903553299492
2014-03-18 20:30:00,MT_001,Naive Seasonal (Daily),672,2.53807106598985
2014-03-18 20:45:00,MT_001,Naive Seasonal (Daily),672,1.26903553299492
2014-03-18 21:00:00,MT_001,Naive Seasonal (Daily),672,1.26903553299492
2014-03-18 21:15:00,MT_001,Naive Seasonal (Daily),672,2.53807106598985
2014-03-18 21:30:00,MT_001,Naive Seasonal (Daily),672,2.53807106598985
2014-03-18 21:45:00,MT_001,Naive Seasonal (Daily),672,1.26903553299492
2014-03-18 22:00:00,MT_001,Naive Seasonal (Daily),672,2.53807106598985
2014-03-18 22:15:00,MT_001,Naive Seasonal (Daily),672,1.26903553299492
2014-03-18 22:30:00,MT_001,Naive Seasonal (Daily),672,1.26903553299492
2014-03-18 22:45:00,MT_001,Naive Seasonal (Daily),672,1.26903553299492
2014-03-18 23:00:00,MT_001,Naive Seasonal (Daily),672,2.53807106598985
2014-03-18 23:15:00,MT_001,Naive Seasonal (Daily),672,1.26903553299492
2014-03-18 23:30:00,MT_001,Naive Seasonal (Daily),672,2.53807106598985
2014-03-18 23:45:00,MT_001,Naive Seasonal (Daily),672,1.26903553299492
2014-03-19 00:00:00,MT_001,Naive Seasonal (Daily),672,2.53807106598985
2014-03-19 00:15:00,MT_001,Naive Seasonal (Daily),672,1.26903553299492
2014-03-19 00:30:00,MT_001,Naive Seasonal (Daily),672,2.53807106598985
2014-03-19 00:45:00,MT_001,Naive Seasonal (Daily),672,1.26903553299492
2014-03-19 01:00:00,MT_001,Naive Seasonal (Daily),672,1.26903553299492
2014-03-19 01:15:00,MT_001,Naive Seasonal (Daily),672,2.53807106598985
2014-03-19 01:30:00,MT_001,Naive Seasonal (Daily),672,1.26903553299492
2014-03-19 01:45:00,MT_001,Naive Seasonal (Daily),672,1.26903553299492
2014-03-19 02:00:00,MT_001,Naive Seasonal (Daily),672,2.53807106598985
2014-03-19 02:15:00,MT_001,Naive Seasonal (Daily),672,1.26903553299492
2014-03-19 02:30:00,MT_001,Naive Seasonal (Daily),672,2.53807106598985
2014-03-19 02:45:00,MT_001,Naive Seasonal (Daily),672,1.26903553299492
2014-03-19 03:00:00,MT_001,Naive Seasonal (Daily),672,2.53807106598985
2014-03-19 03:15:00,MT_001,Naive Seasonal (Daily),672,3.80710659898477
2014-03-19 03:30:00,MT_001,Naive Seasonal (Daily),672,1.26903553299492
2014-03-19 03:45:00,MT_001,Naive Seasonal (Daily),672,1.26903553299492
2014-03-19 04:00:00,MT_001,Naive Seasonal (Daily),672,2.53807106598985
2014-03-19 04:15:00,MT_001,Naive Seasonal (Daily),672,1.26903553299492
2014-03-19 04:30:00,MT_001,Naive Seasonal (Daily),672,1.26903553299492
2014-03-19 04:45:00,MT_001,Naive Seasonal (Daily),672,2.53807106598985
2014-03-19 05:00:00,MT_001,Naive Seasonal (Daily),672,1.26903553299492
2014-03-19 05:15:00,MT_001,Naive Seasonal (Daily),672,2.53807106598985
2014-03-19 05:30:00,MT_001,Naive Seasonal (Daily),672,1.26903553299492
2014-03-19 05:45:00,MT_001,Naive Seasonal (Daily),672,1.26903553299492
2014-03-19 06:00:00,MT_001,Naive Seasonal (Daily),672,2.53807106598985
2014-03-19 06:15:00,MT_001,Naive Seasonal (Daily),672,1.26903553299492
2014-03-19 06:30:00,MT_001,Naive Seasonal (Daily),672,2.53807106598985
2014-03-19 06:45:00,MT_001,Naive Seasonal (Daily),672,1.26903553299492
2014-03-19 07:00:00,MT_001,Naive Seasonal (Daily),672,1.26903553299492
2014-03-19 07:15:00,MT_001,Naive Seasonal (Daily),672,2.53807106598985
2014-03-19 07:30:00,MT_001,Naive Seasonal (Daily),672,0.0
2014-03-19 07:45:00,MT_001,Naive Seasonal (Daily),672,1.26903553299492
2014-03-19 08:00:00,MT_001,Naive Seasonal (Daily),672,1.26903553299492
2014-03-19 08:15:00,MT_001,Naive Seasonal (Daily),672,2.53807106598985
2014-03-19 08:30:00,MT_001,Naive Seasonal (Daily),672,1.26903553299492
2014-03-19 08:45:00,MT_001,Naive Seasonal (Daily),672,10.1522842639594
2014-03-19 09:00:00,MT_001,Naive Seasonal (Daily),672,15.2284263959391
2014-03-19 09:15:00,MT_001,Naive Seasonal (Daily),672,15.2284263959391
2014-03-19 09:30:00,MT_001,Naive Seasonal (Daily),672,12.6903553299492
2014-03-19 09:45:00,MT_001,Naive Seasonal (Daily),672,0.0
2014-03-19 10:00:00,MT_001,Naive Seasonal (Daily),672,1.26903553299492
2014-03-19 10:15:00,MT_001,Naive Seasonal (Daily),672,1.26903553299492
2014-03-19 10:30:00,MT_001,Naive Seasonal (Daily),672,0.0
2014-03-19 10:45:00,MT_001,Naive Seasonal (Daily),672,1.26903553299492
2014-03-19 11:00:00,MT_001,Naive Seasonal (Daily),672,1.26903553299492
2014-03-19 11:15:00,MT_001,Naive Seasonal (Daily),672,1.26903553299492
2014-03-19 11:30:00,MT_001,Naive Seasonal (Daily),672,1.26903553299492
2014-03-19 11:45:00,MT_001,Naive Seasonal (Daily),672,3.80710659898477
2014-03-19 12:00:00,MT_001,Naive Seasonal (Daily),672,2.53807106598985
2014-03-19 12:15:00,MT_001,Naive Seasonal (Daily),672,0.0
2014-03-19 12:30:00,MT_001,Naive Seasonal (Daily),672,3.80710659898477
2014-03-19 12:45:00,MT_001,Naive Seasonal (Daily),672,2.53807106598985
2014-03-19 13:00:00,MT_001,Naive Seasonal (Daily),672,1.26903553299492
2014-03-19 13:15:00,MT_001,Naive Seasonal (Daily),672,1.26903553299492
2014-03-19 13:30:00,MT_001,Naive Seasonal (Daily),672,1.26903553299492
2014-03-19 13:45:00,MT_001,Naive Seasonal (Daily),672,12.6903553299492
2014-03-19 14:00:00,MT_001,Naive Seasonal (Daily),672,11.4213197969543
2014-03-19 14:15:00,MT_001,Naive Seasonal (Daily),672,1.26903553299492
2014-03-19 14:30:00,MT_001,Naive Seasonal (Daily),672,1.26903553299492
2014-03-19 14:45:00,MT_001,Naive Seasonal (Daily),672,1.26903553299492
2014-03-19 15:00:00,MT_001,Naive Seasonal (Daily),672,2.53807106598985
2014-03-19 15:15:00,MT_001,Naive Seasonal (Daily),672,5.0761421319797
2014-03-19 15:30:00,MT_001,Naive Seasonal (Daily),672,3.80710659898477
2014-03-19 15:45:00,MT_001,Naive Seasonal (Daily),672,5.0761421319797
2014-03-19 16:00:00,MT_001,Naive Seasonal (Daily),672,2.53807106598985
2014-03-19 16:15:00,MT_001,Naive Seasonal (Daily),672,2.53807106598985
2014-03-19 16:30:00,MT_001,Naive Seasonal (Daily),672,2.53807106598985
2014-03-19 16:45:00,MT_001,Naive Seasonal (Daily),672,3.80710659898477
2014-03-19 17:00:00,MT_001,Naive Seasonal (Daily),672,2.53807106598985
2014-03-19 17:15:00,MT_001,Naive Seasonal (Daily),672,2.53807106598985
2014-03-19 17:30:00,MT_001,Naive Seasonal (Daily),672,1.26903553299492
2014-03-19 17:45:00,MT_001,Naive Seasonal (Daily),672,1.26903553299492
2014-03-19 18:00:00,MT_001,Naive Seasonal (Daily),672,1.26903553299492
2014-03-19 18:15:00,MT_001,Naive Seasonal (Daily),672,2.53807106598985
2014-03-19 18:30:00,MT_001,Naive Seasonal (Daily),672,1.26903553299492
2014-03-19 18:45:00,MT_001,Naive Seasonal (Daily),672,1.26903553299492
2014-03-19 19:00:00,MT_001,Naive Seasonal (Daily),672,2.53807106598985
2014-03-19 19:15:00,MT_001,Naive Seasonal (Daily),672,2.53807106598985
2014-03-19 19:30:00,MT_001,Naive Seasonal (Daily),672,1.26903553299492
2014-03-19 19:45:00,MT_001,Naive Seasonal (Daily),672,2.53807106598985
2014-03-19 20:00:00,MT_001,Naive Seasonal (Daily),672,2.53807106598985
2014-03-19 20:15:00,MT_001,Naive Seasonal (Daily),672,1.26903553299492
2014-03-19 20:30:00,MT_001,Naive Seasonal (Daily),672,2.53807106598985
2014-03-19 20:45:00,MT_001,Naive Seasonal (Daily),672,2.53807106598985
2014-03-19 21:00:00,MT_001,Naive Seasonal (Daily),672,2.53807106598985
2014-03-19 21:15:00,MT_001,Naive Seasonal (Daily),672,1.26903553299492
2014-03-19 21:30:00,MT_001,Naive Seasonal (Daily),672,2.53807106598985
2014-03-19 21:45:00,MT_001,Naive Seasonal (Daily),672,3.80710659898477
2014-03-19 22:00:00,MT_001,Naive Seasonal (Daily),672,2.53807106598985
2014-03-19 22:15:00,MT_001,Naive Seasonal (Daily),672,1.26903553299492
2014-03-19 22:30:00,MT_001,Naive Seasonal (Daily),672,2.53807106598985
2014-03-19 22:45:00,MT_001,Naive Seasonal (Daily),672,2.53807106598985
2014-03-19 23:00:00,MT_001,Naive Seasonal (Daily),672,2.53807106598985
2014-03-19 23:15:00,MT_001,Naive Seasonal (Daily),672,1.26903553299492
2014-03-19 23:30:00,MT_001,Naive Seasonal (Daily),672,2.53807106598985
2014-03-19 23:45:00,MT_001,Naive Seasonal (Daily),672,2.53807106598985
2014-03-20 00:00:00,MT_001,Naive Seasonal (Daily),672,2.53807106598985
2014-03-20 00:15:00,MT_001,Naive Seasonal (Daily),672,2.53807106598985
2014-03-20 00:30:00,MT_001,Naive Seasonal (Daily),672,1.26903553299492
2014-03-20 00:45:00,MT_001,Naive Seasonal (Daily),672,2.53807106598985
2014-03-20 01:00:00,MT_001,Naive Seasonal (Daily),672,2.53807106598985
2014-03-20 01:15:00,MT_001,Naive Seasonal (Daily),672,2.53807106598985
2014-03-20 01:30:00,MT_001,Naive Seasonal (Daily),672,2.53807106598985
2014-03-20 01:45:00,MT_001,Naive Seasonal (Daily),672,2.53807106598985
2014-03-20 02:00:00,MT_001,Naive Seasonal (Daily),672,2.53807106598985
2014-03-20 02:15:00,MT_001,Naive Seasonal (Daily),672,3.80710659898477
2014-03-20 02:30:00,MT_001,Naive Seasonal (Daily),672,1.26903553299492
2014-03-20 02:45:00,MT_001,Naive Seasonal (Daily),672,2.53807106598985
2014-03-20 03:00:00,MT_001,Naive Seasonal (Daily),672,2.53807106598985
2014-03-20 03:15:00,MT_001,Naive Seasonal (Daily),672,2.53807106598985
2014-03-20 03:30:00,MT_001,Naive Seasonal (Daily),672,2.53807106598985
2014-03-20 03:45:00,MT_001,Naive Seasonal (Daily),672,2.53807106598985
2014-03-20 04:00:00,MT_001,Naive Seasonal (Daily),672,1.26903553299492
2014-03-20 04:15:00,MT_001,Naive Seasonal (Daily),672,2.53807106598985
2014-03-20 04:30:00,MT_001,Naive Seasonal (Daily),672,2.53807106598985
2014-03-20 04:45:00,MT_001,Naive Seasonal (Daily),672,2.53807106598985
2014-03-20 05:00:00,MT_001,Naive Seasonal (Daily),672,2.53807106598985
2014-03-20 05:15:00,MT_001,Naive Seasonal (Daily),672,2.53807106598985
2014-03-20 05:30:00,MT_001,Naive Seasonal (Daily),672,3.80710659898477
2014-03-20 05:45:00,MT_001,Naive Seasonal (Daily),672,1.26903553299492
2014-03-20 06:00:00,MT_001,Naive Seasonal (Daily),672,2.53807106598985
2014-03-20 06:15:00,MT_001,Naive Seasonal (Daily),672,2.53807106598985
2014-03-20 06:30:00,MT_001,Naive Seasonal (Daily),672,2.53807106598985
2014-03-20 06:45:00,MT_001,Naive Seasonal (Daily),672,1.26903553299492
2014-03-20 07:00:00,MT_001,Naive Seasonal (Daily),672,1.26903553299492
2014-03-20 07:15:00,MT_001,Naive Seasonal (Daily),672,2.53807106598985
2014-03-20 07:30:00,MT_001,Naive Seasonal (Daily),672,1.26903553299492
2014-03-20 07:45:00,MT_001,Naive Seasonal (Daily),672,1.26903553299492
2014-03-20 08:00:00,MT_001,Naive Seasonal (Daily),672,1.26903553299492
2014-03-20 08:15:00,MT_001,Naive Seasonal (Daily),672,1.26903553299492
2014-03-20 08:30:00,MT_001,Naive Seasonal (Daily),672,2.53807106598985
2014-03-20 08:45:00,MT_001,Naive Seasonal (Daily),672,12.6903553299492
2014-03-20 09:00:00,MT_001,Naive Seasonal (Daily),672,15.2284263959391
2014-03-20 09:15:00,MT_001,Naive Seasonal (Daily),672,15.2284263959391
2014-03-20 09:30:00,MT_001,Naive Seasonal (Daily),672,12.6903553299492
2014-03-20 09:45:00,MT_001,Naive Seasonal (Daily),672,0.0
2014-03-20 10:00:00,MT_001,Naive Seasonal (Daily),672,1.26903553299492
2014-03-20 10:15:00,MT_001,Naive Seasonal (Daily),672,1.26903553299492
2014-03-20 10:30:00,MT_001,Naive Seasonal (Daily),672,1.26903553299492
2014-03-20 10:45:00,MT_001,Naive Seasonal (Daily),672,0.0
2014-03-20 11:00:00,MT_001,Naive Seasonal (Daily),672,1.26903553299492
2014-03-20 11:15:00,MT_001,Naive Seasonal (Daily),672,1.26903553299492
2014-03-20 11:30:00,MT_001,Naive Seasonal (Daily),672,3.80710659898477
2014-03-20 11:45:00,MT_001,Naive Seasonal (Daily),672,0.0
2014-03-20 12:00:00,MT_001,Naive Seasonal (Daily),672,1.26903553299492
2014-03-20 12:15:00,MT_001,Naive Seasonal (Daily),672,1.26903553299492
2014-03-20 12:30:00,MT_001,Naive Seasonal (Daily),672,1.26903553299492
2014-03-20 12:45:00,MT_001,Naive Seasonal (Daily),672,1.26903553299492
2014-03-20 13:00:00,MT_001,Naive Seasonal (Daily),672,0.0
2014-03-20 13:15:00,MT_001,Naive Seasonal (Daily),672,1.26903553299492
2014-03-20 13:30:00,MT_001,Naive Seasonal (Daily),672,1.26903553299492
2014-03-20 13:45:00,MT_001,Naive Seasonal (Daily),672,1.26903553299492
2014-03-20 14:00:00,MT_001,Naive Seasonal (Daily),672,0.0
2014-03-20 14:15:00,MT_001,Naive Seasonal (Daily),672,1.26903553299492
2014-03-20 14:30:00,MT_001,Naive Seasonal (Daily),672,1.26903553299492
2014-03-20 14:45:00,MT_001,Naive Seasonal (Daily),672,1.26903553299492
2014-03-20 15:00:00,MT_001,Naive Seasonal (Daily),672,1.26903553299492
2014-03-20 15:15:00,MT_001,Naive Seasonal (Daily),672,2.53807106598985
2014-03-20 15:30:00,MT_001,Naive Seasonal (Daily),672,2.53807106598985
2014-03-20 15:45:00,MT_001,Naive Seasonal (Daily),672,1.26903553299492
2014-03-20 16:00:00,MT_001,Naive Seasonal (Daily),672,1.26903553299492
2014-03-20 16:15:00,MT_001,Naive Seasonal (Daily),672,1.26903553299492
2014-03-20 16:30:00,MT_001,Naive Seasonal (Daily),672,1.26903553299492
2014-03-20 16:45:00,MT_001,Naive Seasonal (Daily),672,1.26903553299492
2014-03-20 17:00:00,MT_001,Naive Seasonal (Daily),672,1.26903553299492
2014-03-20 17:15:00,MT_001,Naive Seasonal (Daily),672,2.53807106598985
2014-03-20 17:30:00,MT_001,Naive Seasonal (Daily),672,1.26903553299492
2014-03-20 17:45:00,MT_001,Naive Seasonal (Daily),672,1.26903553299492
2014-03-20 18:00:00,MT_001,Naive Seasonal (Daily),672,2.53807106598985
2014-03-20 18:15:00,MT_001,Naive Seasonal (Daily),672,1.26903553299492
2014-03-20 18:30:00,MT_001,Naive Seasonal (Daily),672,1.26903553299492
2014-03-20 18:45:00,MT_001,Naive Seasonal (Daily),672,1.26903553299492
2014-03-20 19:00:00,MT_001,Naive Seasonal (Daily),672,1.26903553299492
2014-03-20 19:15:00,MT_001,Naive Seasonal (Daily),672,2.53807106598985
2014-03-20 19:30:00,MT_001,Naive Seasonal (Daily),672,1.26903553299492
2014-03-20 19:45:00,MT_001,Naive Seasonal (Daily),672,2.53807106598985
2014-03-20 20:00:00,MT_001,Naive Seasonal (Daily),672,2.53807106598985
2014-03-20 20:15:00,MT_001,Naive Seasonal (Daily),672,2.53807106598985
2014-03-20 20:30:00,MT_001,Naive Seasonal (Daily),672,2.53807106598985
2014-03-20 20:45:00,MT_001,Naive Seasonal (Daily),672,1.26903553299492
2014-03-20 21:00:00,MT_001,Naive Seasonal (Daily),672,2.53807106598985
2014-03-20 21:15:00,MT_001,Naive Seasonal (Daily),672,2.53807106598985
2014-03-20 21:30:00,MT_001,Naive Seasonal (Daily),672,1.26903553299492
2014-03-20 21:45:00,MT_001,Naive Seasonal (Daily),672,2.53807106598985
2014-03-20 22:00:00,MT_001,Naive Seasonal (Daily),672,2.53807106598985
2014-03-20 22:15:00,MT_001,Naive Seasonal (Daily),672,1.26903553299492
2014-03-20 22:30:00,MT_001,Naive Seasonal (Daily),672,2.53807106598985
2014-03-20 22:45:00,MT_001,Naive Seasonal (Daily),672,2.53807106598985
2014-03-20 23:00:00,MT_001,Naive Seasonal (Daily),672,1.26903553299492
2014-03-20 23:15:00,MT_001,Naive Seasonal (Daily),672,2.53807106598985
2014-03-20 23:30:00,MT_001,Naive Seasonal (Daily),672,2.53807106598985
2014-03-20 23:45:00,MT_001,Naive Seasonal (Daily),672,2.53807106598985
2014-03-21 00:00:00,MT_001,Naive Seasonal (Daily),672,1.26903553299492
2014-03-21 00:15:00,MT_001,Naive Seasonal (Daily),672,2.53807106598985
2014-03-21 00:30:00,MT_001,Naive Seasonal (Daily),672,1.26903553299492
2014-03-21 00:45:00,MT_001,Naive Seasonal (Daily),672,2.53807106598985
2014-03-21 01:00:00,MT_001,Naive Seasonal (Daily),672,2.53807106598985
2014-03-21 01:15:00,MT_001,Naive Seasonal (Daily),672,1.26903553299492
2014-03-21 01:30:00,MT_001,Naive Seasonal (Daily),672,2.53807106598985
2014-03-21 01:45:00,MT_001,Naive Seasonal (Daily),672,1.26903553299492
2014-03-21 02:00:00,MT_001,Naive Seasonal (Daily),672,2.53807106598985
2014-03-21 02:15:00,MT_001,Naive Seasonal (Daily),672,2.53807106598985
2014-03-21 02:30:00,MT_001,Naive Seasonal (Daily),672,1.26903553299492
2014-03-21 02:45:00,MT_001,Naive Seasonal (Daily),672,2.53807106598985
2014-03-21 03:00:00,MT_001,Naive Seasonal (Daily),672,2.53807106598985
2014-03-21 03:15:00,MT_001,Naive Seasonal (Daily),672,2.53807106598985
2014-03-21 03:30:00,MT_001,Naive Seasonal (Daily),672,2.53807106598985
2014-03-21 03:45:00,MT_001,Naive Seasonal (Daily),672,1.26903553299492
2014-03-21 04:00:00,MT_001,Naive Seasonal (Daily),672,2.53807106598985
2014-03-21 04:15:00,MT_001,Naive Seasonal (Daily),672,2.53807106598985
2014-03-21 04:30:00,MT_001,Naive Seasonal (Daily),672,1.26903553299492
2014-03-21 04:45:00,MT_001,Naive Seasonal (Daily),672,2.53807106598985
2014-03-21 05:00:00,MT_001,Naive Seasonal (Daily),672,2.53807106598985
2014-03-21 05:15:00,MT_001,Naive Seasonal (Daily),672,2.53807106598985
2014-03-21 05:30:00,MT_001,Naive Seasonal (Daily),672,1.26903553299492
2014-03-21 05:45:00,MT_001,Naive Seasonal (Daily),672,2.53807106598985
2014-03-21 06:00:00,MT_001,Naive Seasonal (Daily),672,1.26903553299492
2014-03-21 06:15:00,MT_001,Naive Seasonal (Daily),672,2.53807106598985
2014-03-21 06:30:00,MT_001,Naive Seasonal (Daily),672,1.26903553299492
2014-03-21 06:45:00,MT_001,Naive Seasonal (Daily),672,3.80710659898477
2014-03-21 07:00:00,MT_001,Naive Seasonal (Daily),672,1.26903553299492
2014-03-21 07:15:00,MT_001,Naive Seasonal (Daily),672,1.26903553299492
2014-03-21 07:30:00,MT_001,Naive Seasonal (Daily),672,1.26903553299492
2014-03-21 07:45:00,MT_001,Naive Seasonal (Daily),672,1.26903553299492
2014-03-21 08:00:00,MT_001,Naive Seasonal (Daily),672,2.53807106598985
2014-03-21 08:15:00,MT_001,Naive Seasonal (Daily),672,0.0
2014-03-21 08:30:00,MT_001,Naive Seasonal (Daily),672,1.26903553299492
2014-03-21 08:45:00,MT_001,Naive Seasonal (Daily),672,1.26903553299492
2014-03-21 09:00:00,MT_001,Naive Seasonal (Daily),672,2.53807106598985
2014-03-21 09:15:00,MT_001,Naive Seasonal (Daily),672,15.2284263959391
2014-03-21 09:30:00,MT_001,Naive Seasonal (Daily),672,10.1522842639594
2014-03-21 09:45:00,MT_001,Naive Seasonal (Daily),672,2.53807106598985
2014-03-21 10:00:00,MT_001,Naive Seasonal (Daily),672,1.26903553299492
2014-03-21 10:15:00,MT_001,Naive Seasonal (Daily),672,1.26903553299492
2014-03-21 10:30:00,MT_001,Naive Seasonal (Daily),672,0.0
2014-03-21 10:45:00,MT_001,Naive Seasonal (Daily),672,1.26903553299492
2014-03-21 11:00:00,MT_001,Naive Seasonal (Daily),672,1.26903553299492
2014-03-21 11:15:00,MT_001,Naive Seasonal (Daily),672,0.0
2014-03-21 11:30:00,MT_001,Naive Seasonal (Daily),672,2.53807106598985
2014-03-21 11:45:00,MT_001,Naive Seasonal (Daily),672,2.53807106598985
2014-03-21 12:00:00,MT_001,Naive Seasonal (Daily),672,1.26903553299492
2014-03-21 12:15:00,MT_001,Naive Seasonal (Daily),672,0.0
2014-03-21 12:30:00,MT_001,Naive Seasonal (Daily),672,1.26903553299492
2014-03-21 12:45:00,MT_001,Naive Seasonal (Daily),672,1.26903553299492
2014-03-21 13:00:00,MT_001,Naive Seasonal (Daily),672,0.0
2014-03-21 13:15:00,MT_001,Naive Seasonal (Daily),672,1.26903553299492
2014-03-21 13:30:00,MT_001,Naive Seasonal (Daily),672,2.53807106598985
2014-03-21 13:45:00,MT_001,Naive Seasonal (Daily),672,0.0
2014-03-21 14:00:00,MT_001,Naive Seasonal (Daily),672,2.53807106598985
2014-03-21 14:15:00,MT_001,Naive Seasonal (Daily),672,0.0
2014-03-21 14:30:00,MT_001,Naive Seasonal (Daily),672,1.26903553299492
2014-03-21 14:45:00,MT_001,Naive Seasonal (Daily),672,1.26903553299492
2014-03-21 15:00:00,MT_001,Naive Seasonal (Daily),672,1.26903553299492
2014-03-21 15:15:00,MT_001,Naive Seasonal (Daily),672,2.53807106598985
2014-03-21 15:30:00,MT_001,Naive Seasonal (Daily),672,2.53807106598985
2014-03-21 15:45:00,MT_001,Naive Seasonal (Daily),672,2.53807106598985
2014-03-21 16:00:00,MT_001,Naive Seasonal (Daily),672,2.53807106598985
2014-03-21 16:15:00,MT_001,Naive Seasonal (Daily),672,1.26903553299492
2014-03-21 16:30:00,MT_001,Naive Seasonal (Daily),672,0.0
2014-03-21 16:45:00,MT_001,Naive Seasonal (Daily),672,1.26903553299492
2014-03-21 17:00:00,MT_001,Naive Seasonal (Daily),672,1.26903553299492
2014-03-21 17:15:00,MT_001,Naive Seasonal (Daily),672,2.53807106598985
2014-03-21 17:30:00,MT_001,Naive Seasonal (Daily),672,2.53807106598985
2014-03-21 17:45:00,MT_001,Naive Seasonal (Daily),672,1.26903553299492
2014-03-21 18:00:00,MT_001,Naive Seasonal (Daily),672,1.26903553299492
2014-03-21 18:15:00,MT_001,Naive Seasonal (Daily),672,1.26903553299492
2014-03-21 18:30:00,MT_001,Naive Seasonal (Daily),672,1.26903553299492
2014-03-21 18:45:00,MT_001,Naive Seasonal (Daily),672,1.26903553299492
2014-03-21 19:00:00,MT_001,Naive Seasonal (Daily),672,1.26903553299492
2014-03-14 19:15:00,MT_001,"ARIMA(12,1,0)",96,1.365421625583996
2014-03-14 19:30:00,MT_001,"ARIMA(12,1,0)",96,1.3642586121289373
2014-03-14 19:45:00,MT_001,"ARIMA(12,1,0)",96,1.315929056352132
2014-03-14 20:00:00,MT_001,"ARIMA(12,1,0)",96,1.3645409670725728
2014-03-14 20:15:00,MT_001,"ARIMA(12,1,0)",96,1.386566928346062
2014-03-14 20:30:00,MT_001,"ARIMA(12,1,0)",96,1.4686333839899322
2014-03-14 20:45:00,MT_001,"ARIMA(12,1,0)",96,1.5070351449060224
2014-03-14 21:00:00,MT_001,"ARIMA(12,1,0)",96,1.4532645913289293
2014-03-14 21:15:00,MT_001,"ARIMA(12,1,0)",96,1.4179316063689775
2014-03-14 21:30:00,MT_001,"ARIMA(12,1,0)",96,1.3990463178707342
2014-03-14 21:45:00,MT_001,"ARIMA(12,1,0)",96,1.38766727566878
2014-03-14 22:00:00,MT_001,"ARIMA(12,1,0)",96,1.3800698632592567
2014-03-14 22:15:00,MT_001,"ARIMA(12,1,0)",96,1.3761300716004967
2014-03-14 22:30:00,MT_001,"ARIMA(12,1,0)",96,1.3800045284327518
2014-03-14 22:45:00,MT_001,"ARIMA(12,1,0)",96,1.3835836165775866
2014-03-14 23:00:00,MT_001,"ARIMA(12,1,0)",96,1.3852501568800348
2014-03-14 23:15:00,MT_001,"ARIMA(12,1,0)",96,1.3904303466517598
2014-03-14 23:30:00,MT_001,"ARIMA(12,1,0)",96,1.3950141396946207
2014-03-14 23:45:00,MT_001,"ARIMA(12,1,0)",96,1.402192845852933
2014-03-15 00:00:00,MT_001,"ARIMA(12,1,0)",96,1.4078505019391436
2014-03-15 00:15:00,MT_001,"ARIMA(12,1,0)",96,1.4073415289222118
2014-03-15 00:30:00,MT_001,"ARIMA(12,1,0)",96,1.4043148117771114
2014-03-15 00:45:00,MT_001,"ARIMA(12,1,0)",96,1.4011298270868506
2014-03-15 01:00:00,MT_001,"ARIMA(12,1,0)",96,1.3983920085188404
2014-03-15 01:15:00,MT_001,"ARIMA(12,1,0)",96,1.3962127037364995
2014-03-15 01:30:00,MT_001,"ARIMA(12,1,0)",96,1.3947193997129128
2014-03-15 01:45:00,MT_001,"ARIMA(12,1,0)",96,1.39417922261172
2014-03-15 02:00:00,MT_001,"ARIMA(12,1,0)",96,1.3942595353487002
2014-03-15 02:15:00,MT_001,"ARIMA(12,1,0)",96,1.3946774357540233
2014-03-15 02:30:00,MT_001,"ARIMA(12,1,0)",96,1.3954628054587268
2014-03-15 02:45:00,MT_001,"ARIMA(12,1,0)",96,1.396330585504711
2014-03-15 03:00:00,MT_001,"ARIMA(12,1,0)",96,1.3973007607751449
2014-03-15 03:15:00,MT_001,"ARIMA(12,1,0)",96,1.3981596836527441
2014-03-15 03:30:00,MT_001,"ARIMA(12,1,0)",96,1.3985515475923551
2014-03-15 03:45:00,MT_001,"ARIMA(12,1,0)",96,1.398504577464456
2014-03-15 04:00:00,MT_001,"ARIMA(12,1,0)",96,1.3982064174915785
2014-03-15 04:15:00,MT_001,"ARIMA(12,1,0)",96,1.3978071122928368
2014-03-15 04:30:00,MT_001,"ARIMA(12,1,0)",96,1.3974031168478538
2014-03-15 04:45:00,MT_001,"ARIMA(12,1,0)",96,1.397062038122579
2014-03-15 05:00:00,MT_001,"ARIMA(12,1,0)",96,1.3968360740139372
2014-03-15 05:15:00,MT_001,"ARIMA(12,1,0)",96,1.396730821664183
2014-03-15 05:30:00,MT_001,"ARIMA(12,1,0)",96,1.3967287573160907
2014-03-15 05:45:00,MT_001,"ARIMA(12,1,0)",96,1.3968108766276188
2014-03-15 06:00:00,MT_001,"ARIMA(12,1,0)",96,1.396939957175735
2014-03-15 06:15:00,MT_001,"ARIMA(12,1,0)",96,1.397090588683942
2014-03-15 06:30:00,MT_001,"ARIMA(12,1,0)",96,1.3972346250101786
2014-03-15 06:45:00,MT_001,"ARIMA(12,1,0)",96,1.3973372752006972
2014-03-15 07:00:00,MT_001,"ARIMA(12,1,0)",96,1.3973833235035678
2014-03-15 07:15:00,MT_001,"ARIMA(12,1,0)",96,1.3973791909581288
2014-03-15 07:30:00,MT_001,"ARIMA(12,1,0)",96,1.3973404343999227
2014-03-15 07:45:00,MT_001,"ARIMA(12,1,0)",96,1.397283752758412
2014-03-15 08:00:00,MT_001,"ARIMA(12,1,0)",96,1.3972241071538536
2014-03-15 08:15:00,MT_001,"ARIMA(12,1,0)",96,1.3971735730408479
2014-03-15 08:30:00,MT_001,"ARIMA(12,1,0)",96,1.3971390197335998
2014-03-15 08:45:00,MT_001,"ARIMA(12,1,0)",96,1.3971225846203763
2014-03-15 09:00:00,MT_001,"ARIMA(12,1,0)",96,1.3971230801437122
2014-03-15 09:15:00,MT_001,"ARIMA(12,1,0)",96,1.3971362244335512
2014-03-15 09:30:00,MT_001,"ARIMA(12,1,0)",96,1.3971569424923012
2014-03-15 09:45:00,MT_001,"ARIMA(12,1,0)",96,1.3971800419446274
2014-03-15 10:00:00,MT_001,"ARIMA(12,1,0)",96,1.3972003706616043
2014-03-15 10:15:00,MT_001,"ARIMA(12,1,0)",96,1.3972143022355572
2014-03-15 10:30:00,MT_001,"ARIMA(12,1,0)",96,1.3972206046009978
2014-03-15 10:45:00,MT_001,"ARIMA(12,1,0)",96,1.3972200107231494
2014-03-15 11:00:00,MT_001,"ARIMA(12,1,0)",96,1.3972143917845499
2014-03-15 11:15:00,MT_001,"ARIMA(12,1,0)",96,1.3972060634264836
2014-03-15 11:30:00,MT_001,"ARIMA(12,1,0)",96,1.3971972773197612
2014-03-15 11:45:00,MT_001,"ARIMA(12,1,0)",96,1.397189787987257
2014-03-15 12:00:00,MT_001,"ARIMA(12,1,0)",96,1.39718466830485
2014-03-15 12:15:00,MT_001,"ARIMA(12,1,0)",96,1.3971823107219281
2014-03-15 12:30:00,MT_001,"ARIMA(12,1,0)",96,1.3971824869826155
2014-03-15 12:45:00,MT_001,"ARIMA(12,1,0)",96,1.3971845704057742
2014-03-15 13:00:00,MT_001,"ARIMA(12,1,0)",96,1.3971877453700845
2014-03-15 13:15:00,MT_001,"ARIMA(12,1,0)",96,1.397191156170164
2014-03-15 13:30:00,MT_001,"ARIMA(12,1,0)",96,1.3971940786260548
2014-03-15 13:45:00,MT_001,"ARIMA(12,1,0)",96,1.3971960582072742
2014-03-15 14:00:00,MT_001,"ARIMA(12,1,0)",96,1.397196942744079
2014-03-15 14:15:00,MT_001,"ARIMA(12,1,0)",96,1.3971968314953505
2014-03-15 14:30:00,MT_001,"ARIMA(12,1,0)",96,1.3971959890064514
2014-03-15 14:45:00,MT_001,"ARIMA(12,1,0)",96,1.3971947539005152
2014-03-15 15:00:00,MT_001,"ARIMA(12,1,0)",96,1.3971934549074458
2014-03-15 15:15:00,MT_001,"ARIMA(12,1,0)",96,1.397192352098196
2014-03-15 15:30:00,MT_001,"ARIMA(12,1,0)",96,1.397191606675135
2014-03-15 15:45:00,MT_001,"ARIMA(12,1,0)",96,1.397191273337151
2014-03-15 16:00:00,MT_001,"ARIMA(12,1,0)",96,1.3971913166418986
2014-03-15 16:15:00,MT_001,"ARIMA(12,1,0)",96,1.3971916400327784
2014-03-15 16:30:00,MT_001,"ARIMA(12,1,0)",96,1.3971921164171932
2014-03-15 16:45:00,MT_001,"ARIMA(12,1,0)",96,1.3971926182441063
2014-03-15 17:00:00,MT_001,"ARIMA(12,1,0)",96,1.3971930429661263
2014-03-15 17:15:00,MT_001,"ARIMA(12,1,0)",96,1.3971933277173698
2014-03-15 17:30:00,MT_001,"ARIMA(12,1,0)",96,1.3971934518926852
2014-03-15 17:45:00,MT_001,"ARIMA(12,1,0)",96,1.3971934306201477
2014-03-15 18:00:00,MT_001,"ARIMA(12,1,0)",96,1.3971933030957624
2014-03-15 18:15:00,MT_001,"ARIMA(12,1,0)",96,1.3971931191419282
2014-03-15 18:30:00,MT_001,"ARIMA(12,1,0)",96,1.3971929271837622
2014-03-15 18:45:00,MT_001,"ARIMA(12,1,0)",96,1.3971927655366545
2014-03-15 19:00:00,MT_001,"ARIMA(12,1,0)",96,1.3971926575627096
2014-03-14 19:15:00,MT_001,Chronos-2,96,1.8478182554244995
2014-03-14 19:30:00,MT_001,Chronos-2,96,1.816124677658081
2014-03-14 19:45:00,MT_001,Chronos-2,96,2.0329113006591797
2014-03-14 20:00:00,MT_001,Chronos-2,96,2.1336851119995117
2014-03-14 20:15:00,MT_001,Chronos-2,96,2.037309408187866
2014-03-14 20:30:00,MT_001,Chronos-2,96,2.0733017921447754
2014-03-14 20:45:00,MT_001,Chronos-2,96,2.053769588470459
2014-03-14 21:00:00,MT_001,Chronos-2,96,2.1189048290252686
2014-03-14 21:15:00,MT_001,Chronos-2,96,2.161604166030884
2014-03-14 21:30:00,MT_001,Chronos-2,96,2.169461965560913
2014-03-14 21:45:00,MT_001,Chronos-2,96,2.1255059242248535
2014-03-14 22:00:00,MT_001,Chronos-2,96,2.1122498512268066
2014-03-14 22:15:00,MT_001,Chronos-2,96,1.95637845993042
2014-03-14 22:30:00,MT_001,Chronos-2,96,2.025705337524414
2014-03-14 22:45:00,MT_001,Chronos-2,96,2.0620527267456055
2014-03-14 23:00:00,MT_001,Chronos-2,96,2.011122226715088
2014-03-14 23:15:00,MT_001,Chronos-2,96,2.0700178146362305
2014-03-14 23:30:00,MT_001,Chronos-2,96,2.1025314331054688
2014-03-14 23:45:00,MT_001,Chronos-2,96,2.0840048789978027
2014-03-15 00:00:00,MT_001,Chronos-2,96,2.0768158435821533
2014-03-15 00:15:00,MT_001,Chronos-2,96,2.06451153755188
2014-03-15 00:30:00,MT_001,Chronos-2,96,2.0349233150482178
2014-03-15 00:45:00,MT_001,Chronos-2,96,2.0564687252044678
2014-03-15 01:00:00,MT_001,Chronos-2,96,2.060044050216675
2014-03-15 01:15:00,MT_001,Chronos-2,96,2.084566116333008
2014-03-15 01:30:00,MT_001,Chronos-2,96,2.109825849533081
2014-03-15 01:45:00,MT_001,Chronos-2,96,2.0862388610839844
2014-03-15 02:00:00,MT_001,Chronos-2,96,2.1136722564697266
2014-03-15 02:15:00,MT_001,Chronos-2,96,2.097275495529175
2014-03-15 02:30:00,MT_001,Chronos-2,96,2.0756430625915527
2014-03-15 02:45:00,MT_001,Chronos-2,96,2.1310179233551025
2014-03-15 03:00:00,MT_001,Chronos-2,96,2.163522481918335
2014-03-15 03:15:00,MT_001,Chronos-2,96,2.2689175605773926
2014-03-15 03:30:00,MT_001,Chronos-2,96,2.210965156555176
2014-03-15 03:45:00,MT_001,Chronos-2,96,2.0984435081481934
2014-03-15 04:00:00,MT_001,Chronos-2,96,2.0462896823883057
2014-03-15 04:15:00,MT_001,Chronos-2,96,1.9889501333236694
2014-03-15 04:30:00,MT_001,Chronos-2,96,1.9825174808502197
2014-03-15 04:45:00,MT_001,Chronos-2,96,2.0441179275512695
2014-03-15 05:00:00,MT_001,Chronos-2,96,2.05165696144104
2014-03-15 05:15:00,MT_001,Chronos-2,96,2.0594236850738525
2014-03-15 05:30:00,MT_001,Chronos-2,96,2.0058064460754395
2014-03-15 05:45:00,MT_001,Chronos-2,96,1.9245212078094482
2014-03-15 06:00:00,MT_001,Chronos-2,96,1.8793402910232544
2014-03-15 06:15:00,MT_001,Chronos-2,96,1.8603630065917969
2014-03-15 06:30:00,MT_001,Chronos-2,96,1.7949333190917969
2014-03-15 06:45:00,MT_001,Chronos-2,96,1.7366867065429688
2014-03-15 07:00:00,MT_001,Chronos-2,96,1.6054694652557373
2014-03-15 07:15:00,MT_001,Chronos-2,96,1.6807373762130737
2014-03-15 07:30:00,MT_001,Chronos-2,96,1.50765860080719
2014-03-15 07:45:00,MT_001,Chronos-2,96,1.4479284286499023
2014-03-15 08:00:00,MT_001,Chronos-2,96,1.4920635223388672
2014-03-15 08:15:00,MT_001,Chronos-2,96,1.4072703123092651
2014-03-15 08:30:00,MT_001,Chronos-2,96,1.4862377643585205
2014-03-15 08:45:00,MT_001,Chronos-2,96,1.9712321758270264
2014-03-15 09:00:00,MT_001,Chronos-2,96,3.18695068359375
2014-03-15 09:15:00,MT_001,Chronos-2,96,7.547464370727539
2014-03-15 09:30:00,MT_001,Chronos-2,96,6.302342414855957
2014-03-15 09:45:00,MT_001,Chronos-2,96,1.4910024404525757
2014-03-15 10:00:00,MT_001,Chronos-2,96,1.1952482461929321
2014-03-15 10:15:00,MT_001,Chronos-2,96,1.182938575744629
2014-03-15 10:30:00,MT_001,Chronos-2,96,1.2777317762374878
2014-03-15 10:45:00,MT_001,Chronos-2,96,1.2524737119674683
2014-03-15 11:00:00,MT_001,Chronos-2,96,1.3916585445404053
2014-03-15 11:15:00,MT_001,Chronos-2,96,1.560973882675171
2014-03-15 11:30:00,MT_001,Chronos-2,96,1.658996820449829
2014-03-15 11:45:00,MT_001,Chronos-2,96,1.417370080947876
2014-03-15 12:00:00,MT_001,Chronos-2,96,1.2534675598144531
2014-03-15 12:15:00,MT_001,Chronos-2,96,1.2129582166671753
2014-03-15 12:30:00,MT_001,Chronos-2,96,1.1891627311706543
2014-03-15 12:45:00,MT_001,Chronos-2,96,1.15402352809906
2014-03-15 13:00:00,MT_001,Chronos-2,96,1.0845688581466675
2014-03-15 13:15:00,MT_001,Chronos-2,96,1.1581324338912964
2014-03-15 13:30:00,MT_001,Chronos-2,96,1.251196265220642
2014-03-15 13:45:00,MT_001,Chronos-2,96,1.2521851062774658
2014-03-15 14:00:00,MT_001,Chronos-2,96,1.2143547534942627
2014-03-15 14:15:00,MT_001,Chronos-2,96,1.2292530536651611
2014-03-15 14:30:00,MT_001,Chronos-2,96,1.3169279098510742
2014-03-15 14:45:00,MT_001,Chronos-2,96,1.4062957763671875
2014-03-15 15:00:00,MT_001,Chronos-2,96,1.5830020904541016
2014-03-15 15:15:00,MT_001,Chronos-2,96,2.1019175052642822
2014-03-15 15:30:00,MT_001,Chronos-2,96,2.0768322944641113
2014-03-15 15:45:00,MT_001,Chronos-2,96,1.7717618942260742
2014-03-15 16:00:00,MT_001,Chronos-2,96,1.549724817276001
2014-03-15 16:15:00,MT_001,Chronos-2,96,1.4446446895599365
2014-03-15 16:30:00,MT_001,Chronos-2,96,1.4084110260009766
2014-03-15 16:45:00,MT_001,Chronos-2,96,1.4268288612365723
2014-03-15 17:00:00,MT_001,Chronos-2,96,1.4704926013946533
2014-03-15 17:15:00,MT_001,Chronos-2,96,1.512195348739624
2014-03-15 17:30:00,MT_001,Chronos-2,96,1.487745761871338
2014-03-15 17:45:00,MT_001,Chronos-2,96,1.4643800258636475
2014-03-15 18:00:00,MT_001,Chronos-2,96,1.4325302839279175
2014-03-15 18:15:00,MT_001,Chronos-2,96,1.4075860977172852
2014-03-15 18:30:00,MT_001,Chronos-2,96,1.3968231678009033
2014-03-15 18:45:00,MT_001,Chronos-2,96,1.422846794128418
2014-03-15 19:00:00,MT_001,Chronos-2,96,1.4704523086547852
2014-03-14 19:15:00,MT_001,Chronos-2,192,1.8614792823791504
2014-03-14 19:30:00,MT_001,Chronos-2,192,1.8181614875793457
2014-03-14 19:45:00,MT_001,Chronos-2,192,2.047577381134033
2014-03-14 20:00:00,MT_001,Chronos-2,192,2.147043228149414
2014-03-14 20:15:00,MT_001,Chronos-2,192,2.0477547645568848
2014-03-14 20:30:00,MT_001,Chronos-2,192,2.089460611343384
2014-03-14 20:45:00,MT_001,Chronos-2,192,2.062807559967041
2014-03-14 21:00:00,MT_001,Chronos-2,192,2.119077444076538
2014-03-14 21:15:00,MT_001,Chronos-2,192,2.162203550338745
2014-03-14 21:30:00,MT_001,Chronos-2,192,2.1733906269073486
2014-03-14 21:45:00,MT_001,Chronos-2,192,2.134145736694336
2014-03-14 22:00:00,MT_001,Chronos-2,192,2.122209072113037
2014-03-14 22:15:00,MT_001,Chronos-2,192,1.961290955543518
2014-03-14 22:30:00,MT_001,Chronos-2,192,2.046198606491089
2014-03-14 22:45:00,MT_001,Chronos-2,192,2.077697992324829
2014-03-14 23:00:00,MT_001,Chronos-2,192,2.028616428375244
2014-03-14 23:15:00,MT_001,Chronos-2,192,2.078251361846924
2014-03-14 23:30:00,MT_001,Chronos-2,192,2.1143088340759277
2014-03-14 23:45:00,MT_001,Chronos-2,192,2.0939807891845703
2014-03-15 00:00:00,MT_001,Chronos-2,192,2.083172559738159
2014-03-15 00:15:00,MT_001,Chronos-2,192,2.0716516971588135
2014-03-15 00:30:00,MT_001,Chronos-2,192,2.0452640056610107
2014-03-15 00:45:00,MT_001,Chronos-2,192,2.073343276977539
2014-03-15 01:00:00,MT_001,Chronos-2,192,2.0679221153259277
2014-03-15 01:15:00,MT_001,Chronos-2,192,2.097367525100708
2014-03-15 01:30:00,MT_001,Chronos-2,192,2.121013879776001
2014-03-15 01:45:00,MT_001,Chronos-2,192,2.095292329788208
2014-03-15 02:00:00,MT_001,Chronos-2,192,2.1284427642822266
2014-03-15 02:15:00,MT_001,Chronos-2,192,2.1093804836273193
2014-03-15 02:30:00,MT_001,Chronos-2,192,2.083169937133789
2014-03-15 02:45:00,MT_001,Chronos-2,192,2.1442782878875732
2014-03-15 03:00:00,MT_001,Chronos-2,192,2.184612512588501
2014-03-15 03:15:00,MT_001,Chronos-2,192,2.2929649353027344
2014-03-15 03:30:00,MT_001,Chronos-2,192,2.229369640350342
2014-03-15 03:45:00,MT_001,Chronos-2,192,2.1007635593414307
2014-03-15 04:00:00,MT_001,Chronos-2,192,2.05013370513916
2014-03-15 04:15:00,MT_001,Chronos-2,192,1.9962595701217651
2014-03-15 04:30:00,MT_001,Chronos-2,192,1.9902064800262451
2014-03-15 04:45:00,MT_001,Chronos-2,192,2.053581714630127
2014-03-15 05:00:00,MT_001,Chronos-2,192,2.061168909072876
2014-03-15 05:15:00,MT_001,Chronos-2,192,2.075838804244995
2014-03-15 05:30:00,MT_001,Chronos-2,192,2.0137462615966797
2014-03-15 05:45:00,MT_001,Chronos-2,192,1.931547999382019
2014-03-15 06:00:00,MT_001,Chronos-2,192,1.8789870738983154
2014-03-15 06:15:00,MT_001,Chronos-2,192,1.8634247779846191
2014-03-15 06:30:00,MT_001,Chronos-2,192,1.7914276123046875
2014-03-15 06:45:00,MT_001,Chronos-2,192,1.7287647724151611
2014-03-15 07:00:00,MT_001,Chronos-2,192,1.5921835899353027
2014-03-15 07:15:00,MT_001,Chronos-2,192,1.691157341003418
2014-03-15 07:30:00,MT_001,Chronos-2,192,1.5134766101837158
2014-03-15 07:45:00,MT_001,Chronos-2,192,1.4463845491409302
2014-03-15 08:00:00,MT_001,Chronos-2,192,1.4846611022949219
2014-03-15 08:15:00,MT_001,Chronos-2,192,1.3907908201217651
2014-03-15 08:30:00,MT_001,Chronos-2,192,1.4579805135726929
2014-03-15 08:45:00,MT_001,Chronos-2,192,1.9717626571655273
2014-03-15 09:00:00,MT_001,Chronos-2,192,3.19242787361145
2014-03-15 09:15:00,MT_001,Chronos-2,192,7.680045127868652
2014-03-15 09:30:00,MT_001,Chronos-2,192,6.550481796264648
2014-03-15 09:45:00,MT_001,Chronos-2,192,1.5278704166412354
2014-03-15 10:00:00,MT_001,Chronos-2,192,1.187512755393982
2014-03-15 10:15:00,MT_001,Chronos-2,192,1.1645822525024414
2014-03-15 10:30:00,MT_001,Chronos-2,192,1.2524715662002563
2014-03-15 10:45:00,MT_001,Chronos-2,192,1.2175036668777466
2014-03-15 11:00:00,MT_001,Chronos-2,192,1.3811938762664795
2014-03-15 11:15:00,MT_001,Chronos-2,192,1.568954586982727
2014-03-15 11:30:00,MT_001,Chronos-2,192,1.7074453830718994
2014-03-15 11:45:00,MT_001,Chronos-2,192,1.4400469064712524
2014-03-15 12:00:00,MT_001,Chronos-2,192,1.2638444900512695
2014-03-15 12:15:00,MT_001,Chronos-2,192,1.2133545875549316
2014-03-15 12:30:00,MT_001,Chronos-2,192,1.190199375152588
2014-03-15 12:45:00,MT_001,Chronos-2,192,1.154667854309082
2014-03-15 13:00:00,MT_001,Chronos-2,192,1.0799953937530518
2014-03-15 13:15:00,MT_001,Chronos-2,192,1.1639785766601562
2014-03-15 13:30:00,MT_001,Chronos-2,192,1.2581069469451904
2014-03-15 13:45:00,MT_001,Chronos-2,192,1.254602313041687
2014-03-15 14:00:00,MT_001,Chronos-2,192,1.2160656452178955
2014-03-15 14:15:00,MT_001,Chronos-2,192,1.2288602590560913
2014-03-15 14:30:00,MT_001,Chronos-2,192,1.316274881362915
2014-03-15 14:45:00,MT_001,Chronos-2,192,1.403397798538208
2014-03-15 15:00:00,MT_001,Chronos-2,192,1.5873022079467773
2014-03-15 15:15:00,MT_001,Chronos-2,192,2.1201272010803223
2014-03-15 15:30:00,MT_001,Chronos-2,192,2.1045138835906982
2014-03-15 15:45:00,MT_001,Chronos-2,192,1.778777837753296
2014-03-15 16:00:00,MT_001,Chronos-2,192,1.5594913959503174
2014-03-15 16:15:00,MT_001,Chronos-2,192,1.4440524578094482
2014-03-15 16:30:00,MT_001,Chronos-2,192,1.4004746675491333
2014-03-15 16:45:00,MT_001,Chronos-2,192,1.4181511402130127
2014-03-15 17:00:00,MT_001,Chronos-2,192,1.4633057117462158
2014-03-15 17:15:00,MT_001,Chronos-2,192,1.520618200302124
2014-03-15 17:30:00,MT_001,Chronos-2,192,1.4926294088363647
2014-03-15 17:45:00,MT_001,Chronos-2,192,1.4608755111694336
2014-03-15 18:00:00,MT_001,Chronos-2,192,1.4315054416656494
2014-03-15 18:15:00,MT_001,Chronos-2,192,1.403836727142334
2014-03-15 18:30:00,MT_001,Chronos-2,192,1.388500690460205
2014-03-15 18:45:00,MT_001,Chronos-2,192,1.4141303300857544
2014-03-15 19:00:00,MT_001,Chronos-2,192,1.4526504278182983
2014-03-15 19:15:00,MT_001,Chronos-2,192,1.8197382688522339
2014-03-15 19:30:00,MT_001,Chronos-2,192,1.8926410675048828
2014-03-15 19:45:00,MT_001,Chronos-2,192,2.00848126411438
2014-03-15 20:00:00,MT_001,Chronos-2,192,2.113518714904785
2014-03-15 20:15:00,MT_001,Chronos-2,192,2.070835590362549
2014-03-15 20:30:00,MT_001,Chronos-2,192,2.0826804637908936
2014-03-15 20:45:00,MT_001,Chronos-2,192,2.1092164516448975
2014-03-15 21:00:00,MT_001,Chronos-2,192,2.143537998199463
2014-03-15 21:15:00,MT_001,Chronos-2,192,2.182901620864868
2014-03-15 21:30:00,MT_001,Chronos-2,192,2.2136008739471436
2014-03-15 21:45:00,MT_001,Chronos-2,192,2.155196189880371
2014-03-15 22:00:00,MT_001,Chronos-2,192,2.1073896884918213
2014-03-15 22:15:00,MT_001,Chronos-2,192,1.982849359512329
2014-03-15 22:30:00,MT_001,Chronos-2,192,2.0412955284118652
2014-03-15 22:45:00,MT_001,Chronos-2,192,2.081663131713867
2014-03-15 23:00:00,MT_001,Chronos-2,192,2.033259868621826
2014-03-15 23:15:00,MT_001,Chronos-2,192,2.0955255031585693
2014-03-15 23:30:00,MT_001,Chronos-2,192,2.1281723976135254
2014-03-15 23:45:00,MT_001,Chronos-2,192,2.111142635345459
2014-03-16 00:00:00,MT_001,Chronos-2,192,2.092587471008301
2014-03-16 00:15:00,MT_001,Chronos-2,192,2.0777015686035156
2014-03-16 00:30:00,MT_001,Chronos-2,192,2.0530951023101807
2014-03-16 00:45:00,MT_001,Chronos-2,192,2.0970144271850586
2014-03-16 01:00:00,MT_001,Chronos-2,192,2.0781733989715576
2014-03-16 01:15:00,MT_001,Chronos-2,192,2.1324448585510254
2014-03-16 01:30:00,MT_001,Chronos-2,192,2.145838737487793
2014-03-16 01:45:00,MT_001,Chronos-2,192,2.1112704277038574
2014-03-16 02:00:00,MT_001,Chronos-2,192,2.1924490928649902
2014-03-16 02:15:00,MT_001,Chronos-2,192,2.1627116203308105
2014-03-16 02:30:00,MT_001,Chronos-2,192,2.1163527965545654
2014-03-16 02:45:00,MT_001,Chronos-2,192,2.218172073364258
2014-03-16 03:00:00,MT_001,Chronos-2,192,2.2921502590179443
2014-03-16 03:15:00,MT_001,Chronos-2,192,2.374739170074463
2014-03-16 03:30:00,MT_001,Chronos-2,192,2.3117666244506836
2014-03-16 03:45:00,MT_001,Chronos-2,192,2.16186261177063
2014-03-16 04:00:00,MT_001,Chronos-2,192,2.097615957260132
2014-03-16 04:15:00,MT_001,Chronos-2,192,2.0409493446350098
2014-03-16 04:30:00,MT_001,Chronos-2,192,2.0306549072265625
2014-03-16 04:45:00,MT_001,Chronos-2,192,2.099828004837036
2014-03-16 05:00:00,MT_001,Chronos-2,192,2.0898847579956055
2014-03-16 05:15:00,MT_001,Chronos-2,192,2.121401786804199
2014-03-16 05:30:00,MT_001,Chronos-2,192,2.029095411300659
2014-03-16 05:45:00,MT_001,Chronos-2,192,1.9358378648757935
2014-03-16 06:00:00,MT_001,Chronos-2,192,1.9013094902038574
2014-03-16 06:15:00,MT_001,Chronos-2,192,1.877654790878296
2014-03-16 06:30:00,MT_001,Chronos-2,192,1.8301494121551514
2014-03-16 06:45:00,MT_001,Chronos-2,192,1.797419786453247
2014-03-16 07:00:00,MT_001,Chronos-2,192,1.6829040050506592
2014-03-16 07:15:00,MT_001,Chronos-2,192,1.7997671365737915
2014-03-16 07:30:00,MT_001,Chronos-2,192,1.618516206741333
2014-03-16 07:45:00,MT_001,Chronos-2,192,1.5320831537246704
2014-03-16 08:00:00,MT_001,Chronos-2,192,1.5409049987792969
2014-03-16 08:15:00,MT_001,Chronos-2,192,1.4451751708984375
2014-03-16 08:30:00,MT_001,Chronos-2,192,1.532556414604187
2014-03-16 08:45:00,MT_001,Chronos-2,192,2.25730562210083
2014-03-16 09:00:00,MT_001,Chronos-2,192,3.6410818099975586
2014-03-16 09:15:00,MT_001,Chronos-2,192,7.329867362976074
2014-03-16 09:30:00,MT_001,Chronos-2,192,6.295849800109863
2014-03-16 09:45:00,MT_001,Chronos-2,192,1.5419769287109375
2014-03-16 10:00:00,MT_001,Chronos-2,192,1.188904047012329
2014-03-16 10:15:00,MT_001,Chronos-2,192,1.1850472688674927
2014-03-16 10:30:00,MT_001,Chronos-2,192,1.3153040409088135
2014-03-16 10:45:00,MT_001,Chronos-2,192,1.3048137426376343
2014-03-16 11:00:00,MT_001,Chronos-2,192,1.4409127235412598
2014-03-16 11:15:00,MT_001,Chronos-2,192,1.6068224906921387
2014-03-16 11:30:00,MT_001,Chronos-2,192,1.6862967014312744
2014-03-16 11:45:00,MT_001,Chronos-2,192,1.4296590089797974
2014-03-16 12:00:00,MT_001,Chronos-2,192,1.2629470825195312
2014-03-16 12:15:00,MT_001,Chronos-2,192,1.2331116199493408
2014-03-16 12:30:00,MT_001,Chronos-2,192,1.2225325107574463
2014-03-16 12:45:00,MT_001,Chronos-2,192,1.1785390377044678
2014-03-16 13:00:00,MT_001,Chronos-2,192,1.1058709621429443
2014-03-16 13:15:00,MT_001,Chronos-2,192,1.2068662643432617
2014-03-16 13:30:00,MT_001,Chronos-2,192,1.3032441139221191
2014-03-16 13:45:00,MT_001,Chronos-2,192,1.2914966344833374
2014-03-16 14:00:00,MT_001,Chronos-2,192,1.2378509044647217
2014-03-16 14:15:00,MT_001,Chronos-2,192,1.2541682720184326
2014-03-16 14:30:00,MT_001,Chronos-2,192,1.3327096700668335
2014-03-16 14:45:00,MT_001,Chronos-2,192,1.3880913257598877
2014-03-16 15:00:00,MT_001,Chronos-2,192,1.5136853456497192
2014-03-16 15:15:00,MT_001,Chronos-2,192,2.0486745834350586
2014-03-16 15:30:00,MT_001,Chronos-2,192,2.058316469192505
2014-03-16 15:45:00,MT_001,Chronos-2,192,1.7900471687316895
2014-03-16 16:00:00,MT_001,Chronos-2,192,1.528569221496582
2014-03-16 16:15:00,MT_001,Chronos-2,192,1.4289140701293945
2014-03-16 16:30:00,MT_001,Chronos-2,192,1.4010666608810425
2014-03-16 16:45:00,MT_001,Chronos-2,192,1.413130521774292
2014-03-16 17:00:00,MT_001,Chronos-2,192,1.440401315689087
2014-03-16 17:15:00,MT_001,Chronos-2,192,1.4846293926239014
2014-03-16 17:30:00,MT_001,Chronos-2,192,1.4874780178070068
2014-03-16 17:45:00,MT_001,Chronos-2,192,1.4749679565429688
2014-03-16 18:00:00,MT_001,Chronos-2,192,1.426580786705017
2014-03-16 18:15:00,MT_001,Chronos-2,192,1.3975896835327148
2014-03-16 18:30:00,MT_001,Chronos-2,192,1.382110834121704
2014-03-16 18:45:00,MT_001,Chronos-2,192,1.4008731842041016
2014-03-16 19:00:00,MT_001,Chronos-2,192,1.4611085653305054
2014-03-14 19:15:00,MT_001,Chronos-2,672,1.847460389137268
2014-03-14 19:30:00,MT_001,Chronos-2,672,1.8169875144958496
2014-03-14 19:45:00,MT_001,Chronos-2,672,2.0185303688049316
2014-03-14 20:00:00,MT_001,Chronos-2,672,2.1272776126861572
2014-03-14 20:15:00,MT_001,Chronos-2,672,2.03954815864563
2014-03-14 20:30:00,MT_001,Chronos-2,672,2.0795655250549316
2014-03-14 20:45:00,MT_001,Chronos-2,672,2.0534298419952393
2014-03-14 21:00:00,MT_001,Chronos-2,672,2.0969791412353516
2014-03-14 21:15:00,MT_001,Chronos-2,672,2.150564193725586
2014-03-14 21:30:00,MT_001,Chronos-2,672,2.168217420578003
2014-03-14 21:45:00,MT_001,Chronos-2,672,2.12715220451355
2014-03-14 22:00:00,MT_001,Chronos-2,672,2.0966134071350098
2014-03-14 22:15:00,MT_001,Chronos-2,672,1.941036581993103
2014-03-14 22:30:00,MT_001,Chronos-2,672,2.0449447631835938
2014-03-14 22:45:00,MT_001,Chronos-2,672,2.0720086097717285
2014-03-14 23:00:00,MT_001,Chronos-2,672,2.0302984714508057
2014-03-14 23:15:00,MT_001,Chronos-2,672,2.0774857997894287
2014-03-14 23:30:00,MT_001,Chronos-2,672,2.146829128265381
2014-03-14 23:45:00,MT_001,Chronos-2,672,2.118215799331665
2014-03-15 00:00:00,MT_001,Chronos-2,672,2.090269088745117
2014-03-15 00:15:00,MT_001,Chronos-2,672,2.070861339569092
2014-03-15 00:30:00,MT_001,Chronos-2,672,2.0464589595794678
2014-03-15 00:45:00,MT_001,Chronos-2,672,2.0848875045776367
2014-03-15 01:00:00,MT_001,Chronos-2,672,2.056440830230713
2014-03-15 01:15:00,MT_001,Chronos-2,672,2.098196268081665
2014-03-15 01:30:00,MT_001,Chronos-2,672,2.1278553009033203
2014-03-15 01:45:00,MT_001,Chronos-2,672,2.0962681770324707
2014-03-15 02:00:00,MT_001,Chronos-2,672,2.1467981338500977
2014-03-15 02:15:00,MT_001,Chronos-2,672,2.131183385848999
2014-03-15 02:30:00,MT_001,Chronos-2,672,2.075835704803467
2014-03-15 02:45:00,MT_001,Chronos-2,672,2.167440414428711
2014-03-15 03:00:00,MT_001,Chronos-2,672,2.2326056957244873
2014-03-15 03:15:00,MT_001,Chronos-2,672,2.3186073303222656
2014-03-15 03:30:00,MT_001,Chronos-2,672,2.242680549621582
2014-03-15 03:45:00,MT_001,Chronos-2,672,2.0900378227233887
2014-03-15 04:00:00,MT_001,Chronos-2,672,2.0453944206237793
2014-03-15 04:15:00,MT_001,Chronos-2,672,1.9919759035110474
2014-03-15 04:30:00,MT_001,Chronos-2,672,1.985070824623108
2014-03-15 04:45:00,MT_001,Chronos-2,672,2.05859112739563
2014-03-15 05:00:00,MT_001,Chronos-2,672,2.0666799545288086
2014-03-15 05:15:00,MT_001,Chronos-2,672,2.097094774246216
2014-03-15 05:30:00,MT_001,Chronos-2,672,2.0098493099212646
2014-03-15 05:45:00,MT_001,Chronos-2,672,1.9302408695220947
2014-03-15 06:00:00,MT_001,Chronos-2,672,1.8820149898529053
2014-03-15 06:15:00,MT_001,Chronos-2,672,1.853947639465332
2014-03-15 06:30:00,MT_001,Chronos-2,672,1.7712101936340332
2014-03-15 06:45:00,MT_001,Chronos-2,672,1.7002475261688232
2014-03-15 07:00:00,MT_001,Chronos-2,672,1.5565752983093262
2014-03-15 07:15:00,MT_001,Chronos-2,672,1.7273454666137695
2014-03-15 07:30:00,MT_001,Chronos-2,672,1.5431928634643555
2014-03-15 07:45:00,MT_001,Chronos-2,672,1.4386509656906128
2014-03-15 08:00:00,MT_001,Chronos-2,672,1.4672648906707764
2014-03-15 08:15:00,MT_001,Chronos-2,672,1.3634724617004395
2014-03-15 08:30:00,MT_001,Chronos-2,672,1.444209098815918
2014-03-15 08:45:00,MT_001,Chronos-2,672,2.044750928878784
2014-03-15 09:00:00,MT_001,Chronos-2,672,3.5783164501190186
2014-03-15 09:15:00,MT_001,Chronos-2,672,8.057141304016113
2014-03-15 09:30:00,MT_001,Chronos-2,672,6.777288436889648
2014-03-15 09:45:00,MT_001,Chronos-2,672,1.6422533988952637
2014-03-15 10:00:00,MT_001,Chronos-2,672,1.1524806022644043
2014-03-15 10:15:00,MT_001,Chronos-2,672,1.1140127182006836
2014-03-15 10:30:00,MT_001,Chronos-2,672,1.2221381664276123
2014-03-15 10:45:00,MT_001,Chronos-2,672,1.2236608266830444
2014-03-15 11:00:00,MT_001,Chronos-2,672,1.394941806793213
2014-03-15 11:15:00,MT_001,Chronos-2,672,1.5769597291946411
2014-03-15 11:30:00,MT_001,Chronos-2,672,1.751091718673706
2014-03-15 11:45:00,MT_001,Chronos-2,672,1.472944974899292
2014-03-15 12:00:00,MT_001,Chronos-2,672,1.2854517698287964
2014-03-15 12:15:00,MT_001,Chronos-2,672,1.2080888748168945
2014-03-15 12:30:00,MT_001,Chronos-2,672,1.1830346584320068
2014-03-15 12:45:00,MT_001,Chronos-2,672,1.1540132761001587
2014-03-15 13:00:00,MT_001,Chronos-2,672,1.0878582000732422
2014-03-15 13:15:00,MT_001,Chronos-2,672,1.175976037979126
2014-03-15 13:30:00,MT_001,Chronos-2,672,1.2719101905822754
2014-03-15 13:45:00,MT_001,Chronos-2,672,1.2616528272628784
2014-03-15 14:00:00,MT_001,Chronos-2,672,1.2166438102722168
2014-03-15 14:15:00,MT_001,Chronos-2,672,1.2284719944000244
2014-03-15 14:30:00,MT_001,Chronos-2,672,1.314762830734253
2014-03-15 14:45:00,MT_001,Chronos-2,672,1.4084827899932861
2014-03-15 15:00:00,MT_001,Chronos-2,672,1.6062774658203125
2014-03-15 15:15:00,MT_001,Chronos-2,672,2.1611685752868652
2014-03-15 15:30:00,MT_001,Chronos-2,672,2.1443679332733154
2014-03-15 15:45:00,MT_001,Chronos-2,672,1.816854476928711
2014-03-15 16:00:00,MT_001,Chronos-2,672,1.6100280284881592
2014-03-15 16:15:00,MT_001,Chronos-2,672,1.4632855653762817
2014-03-15 16:30:00,MT_001,Chronos-2,672,1.409982442855835
2014-03-15 16:45:00,MT_001,Chronos-2,672,1.4303306341171265
2014-03-15 17:00:00,MT_001,Chronos-2,672,1.480377435684204
2014-03-15 17:15:00,MT_001,Chronos-2,672,1.558779001235962
2014-03-15 17:30:00,MT_001,Chronos-2,672,1.5267857313156128
2014-03-15 17:45:00,MT_001,Chronos-2,672,1.483046293258667
2014-03-15 18:00:00,MT_001,Chronos-2,672,1.4525940418243408
2014-03-15 18:15:00,MT_001,Chronos-2,672,1.420548439025879
2014-03-15 18:30:00,MT_001,Chronos-2,672,1.3999953269958496
2014-03-15 18:45:00,MT_001,Chronos-2,672,1.4223705530166626
2014-03-15 19:00:00,MT_001,Chronos-2,672,1.4556127786636353
2014-03-15 19:15:00,MT_001,Chronos-2,672,1.7991786003112793
2014-03-15 19:30:00,MT_001,Chronos-2,672,1.8715605735778809
2014-03-15 19:45:00,MT_001,Chronos-2,672,1.9835591316223145
2014-03-15 20:00:00,MT_001,Chronos-2,672,2.0952229499816895
2014-03-15 20:15:00,MT_001,Chronos-2,672,2.050957202911377
2014-03-15 20:30:00,MT_001,Chronos-2,672,2.0706050395965576
2014-03-15 20:45:00,MT_001,Chronos-2,672,2.1026127338409424
2014-03-15 21:00:00,MT_001,Chronos-2,672,2.135859251022339
2014-03-15 21:15:00,MT_001,Chronos-2,672,2.175555944442749
2014-03-15 21:30:00,MT_001,Chronos-2,672,2.214519739151001
2014-03-15 21:45:00,MT_001,Chronos-2,672,2.143098831176758
2014-03-15 22:00:00,MT_001,Chronos-2,672,2.0827064514160156
2014-03-15 22:15:00,MT_001,Chronos-2,672,1.955386757850647
2014-03-15 22:30:00,MT_001,Chronos-2,672,2.0174295902252197
2014-03-15 22:45:00,MT_001,Chronos-2,672,2.0637400150299072
2014-03-15 23:00:00,MT_001,Chronos-2,672,2.0217599868774414
2014-03-15 23:15:00,MT_001,Chronos-2,672,2.0931079387664795
2014-03-15 23:30:00,MT_001,Chronos-2,672,2.125964879989624
2014-03-15 23:45:00,MT_001,Chronos-2,672,2.0936787128448486
2014-03-16 00:00:00,MT_001,Chronos-2,672,2.0733931064605713
2014-03-16 00:15:00,MT_001,Chronos-2,672,2.045179843902588
2014-03-16 00:30:00,MT_001,Chronos-2,672,2.017286777496338
2014-03-16 00:45:00,MT_001,Chronos-2,672,2.068617820739746
2014-03-16 01:00:00,MT_001,Chronos-2,672,2.0391478538513184
2014-03-16 01:15:00,MT_001,Chronos-2,672,2.0999386310577393
2014-03-16 01:30:00,MT_001,Chronos-2,672,2.1276967525482178
2014-03-16 01:45:00,MT_001,Chronos-2,672,2.069608688354492
2014-03-16 02:00:00,MT_001,Chronos-2,672,2.174182891845703
2014-03-16 02:15:00,MT_001,Chronos-2,672,2.1527926921844482
2014-03-16 02:30:00,MT_001,Chronos-2,672,2.0804286003112793
2014-03-16 02:45:00,MT_001,Chronos-2,672,2.215453624725342
2014-03-16 03:00:00,MT_001,Chronos-2,672,2.283257246017456
2014-03-16 03:15:00,MT_001,Chronos-2,672,2.3820669651031494
2014-03-16 03:30:00,MT_001,Chronos-2,672,2.310680389404297
2014-03-16 03:45:00,MT_001,Chronos-2,672,2.1406192779541016
2014-03-16 04:00:00,MT_001,Chronos-2,672,2.0817410945892334
2014-03-16 04:15:00,MT_001,Chronos-2,672,2.027254581451416
2014-03-16 04:30:00,MT_001,Chronos-2,672,2.022827625274658
2014-03-16 04:45:00,MT_001,Chronos-2,672,2.094839334487915
2014-03-16 05:00:00,MT_001,Chronos-2,672,2.0936741828918457
2014-03-16 05:15:00,MT_001,Chronos-2,672,2.1225767135620117
2014-03-16 05:30:00,MT_001,Chronos-2,672,2.0158472061157227
2014-03-16 05:45:00,MT_001,Chronos-2,672,1.9305579662322998
2014-03-16 06:00:00,MT_001,Chronos-2,672,1.8942545652389526
2014-03-16 06:15:00,MT_001,Chronos-2,672,1.8628910779953003
2014-03-16 06:30:00,MT_001,Chronos-2,672,1.8103011846542358
2014-03-16 06:45:00,MT_001,Chronos-2,672,1.7585357427597046
2014-03-16 07:00:00,MT_001,Chronos-2,672,1.6475533246994019
2014-03-16 07:15:00,MT_001,Chronos-2,672,1.8173799514770508
2014-03-16 07:30:00,MT_001,Chronos-2,672,1.624511480331421
2014-03-16 07:45:00,MT_001,Chronos-2,672,1.5063111782073975
2014-03-16 08:00:00,MT_001,Chronos-2,672,1.5044782161712646
2014-03-16 08:15:00,MT_001,Chronos-2,672,1.4083094596862793
2014-03-16 08:30:00,MT_001,Chronos-2,672,1.5221887826919556
2014-03-16 08:45:00,MT_001,Chronos-2,672,2.3063762187957764
2014-03-16 09:00:00,MT_001,Chronos-2,672,3.5996978282928467
2014-03-16 09:15:00,MT_001,Chronos-2,672,6.934125900268555
2014-03-16 09:30:00,MT_001,Chronos-2,672,6.024139404296875
2014-03-16 09:45:00,MT_001,Chronos-2,672,1.6687403917312622
2014-03-16 10:00:00,MT_001,Chronos-2,672,1.2027912139892578
2014-03-16 10:15:00,MT_001,Chronos-2,672,1.1843408346176147
2014-03-16 10:30:00,MT_001,Chronos-2,672,1.2845301628112793
2014-03-16 10:45:00,MT_001,Chronos-2,672,1.2836058139801025
2014-03-16 11:00:00,MT_001,Chronos-2,672,1.4539940357208252
2014-03-16 11:15:00,MT_001,Chronos-2,672,1.6183090209960938
2014-03-16 11:30:00,MT_001,Chronos-2,672,1.7625479698181152
2014-03-16 11:45:00,MT_001,Chronos-2,672,1.485994577407837
2014-03-16 12:00:00,MT_001,Chronos-2,672,1.297661542892456
2014-03-16 12:15:00,MT_001,Chronos-2,672,1.2454962730407715
2014-03-16 12:30:00,MT_001,Chronos-2,672,1.242783784866333
2014-03-16 12:45:00,MT_001,Chronos-2,672,1.1897656917572021
2014-03-16 13:00:00,MT_001,Chronos-2,672,1.1088320016860962
2014-03-16 13:15:00,MT_001,Chronos-2,672,1.2330060005187988
2014-03-16 13:30:00,MT_001,Chronos-2,672,1.3312315940856934
2014-03-16 13:45:00,MT_001,Chronos-2,672,1.310944676399231
2014-03-16 14:00:00,MT_001,Chronos-2,672,1.2405906915664673
2014-03-16 14:15:00,MT_001,Chronos-2,672,1.2567992210388184
2014-03-16 14:30:00,MT_001,Chronos-2,672,1.3302971124649048
2014-03-16 14:45:00,MT_001,Chronos-2,672,1.3727412223815918
2014-03-16 15:00:00,MT_001,Chronos-2,672,1.4947936534881592
2014-03-16 15:15:00,MT_001,Chronos-2,672,1.9782202243804932
2014-03-16 15:30:00,MT_001,Chronos-2,672,1.9991761445999146
2014-03-16 15:45:00,MT_001,Chronos-2,672,1.7801251411437988
2014-03-16 16:00:00,MT_001,Chronos-2,672,1.5318658351898193
2014-03-16 16:15:00,MT_001,Chronos-2,672,1.421236276626587
2014-03-16 16:30:00,MT_001,Chronos-2,672,1.388274908065796
2014-03-16 16:45:00,MT_001,Chronos-2,672,1.3981974124908447
2014-03-16 17:00:00,MT_001,Chronos-2,672,1.4406670331954956
2014-03-16 17:15:00,MT_001,Chronos-2,672,1.4899144172668457
2014-03-16 17:30:00,MT_001,Chronos-2,672,1.5007333755493164
2014-03-16 17:45:00,MT_001,Chronos-2,672,1.4802448749542236
2014-03-16 18:00:00,MT_001,Chronos-2,672,1.4240825176239014
2014-03-16 18:15:00,MT_001,Chronos-2,672,1.3991718292236328
2014-03-16 18:30:00,MT_001,Chronos-2,672,1.3839068412780762
2014-03-16 18:45:00,MT_001,Chronos-2,672,1.400768756866455
2014-03-16 19:00:00,MT_001,Chronos-2,672,1.4604482650756836
2014-03-16 19:15:00,MT_001,Chronos-2,672,1.7714111804962158
2014-03-16 19:30:00,MT_001,Chronos-2,672,1.883321762084961
2014-03-16 19:45:00,MT_001,Chronos-2,672,1.9593901634216309
2014-03-16 20:00:00,MT_001,Chronos-2,672,2.040346145629883
2014-03-16 20:15:00,MT_001,Chronos-2,672,2.0103063583374023
2014-03-16 20:30:00,MT_001,Chronos-2,672,2.0309906005859375
2014-03-16 20:45:00,MT_001,Chronos-2,672,2.0724053382873535
2014-03-16 21:00:00,MT_001,Chronos-2,672,2.1134581565856934
2014-03-16 21:15:00,MT_001,Chronos-2,672,2.1550536155700684
2014-03-16 21:30:00,MT_001,Chronos-2,672,2.2056095600128174
2014-03-16 21:45:00,MT_001,Chronos-2,672,2.125200033187866
2014-03-16 22:00:00,MT_001,Chronos-2,672,2.0556883811950684
2014-03-16 22:15:00,MT_001,Chronos-2,672,1.9475252628326416
2014-03-16 22:30:00,MT_001,Chronos-2,672,1.976172685623169
2014-03-16 22:45:00,MT_001,Chronos-2,672,2.0307273864746094
2014-03-16 23:00:00,MT_001,Chronos-2,672,1.9869567155838013
2014-03-16 23:15:00,MT_001,Chronos-2,672,2.0883679389953613
2014-03-16 23:30:00,MT_001,Chronos-2,672,2.0965192317962646
2014-03-16 23:45:00,MT_001,Chronos-2,672,2.0817034244537354
2014-03-17 00:00:00,MT_001,Chronos-2,672,2.064408302307129
2014-03-17 00:15:00,MT_001,Chronos-2,672,2.031909704208374
2014-03-17 00:30:00,MT_001,Chronos-2,672,2.008795976638794
2014-03-17 00:45:00,MT_001,Chronos-2,672,2.043259620666504
2014-03-17 01:00:00,MT_001,Chronos-2,672,2.034101963043213
2014-03-17 01:15:00,MT_001,Chronos-2,672,2.097234010696411
2014-03-17 01:30:00,MT_001,Chronos-2,672,2.1334385871887207
2014-03-17 01:45:00,MT_001,Chronos-2,672,2.0623879432678223
2014-03-17 02:00:00,MT_001,Chronos-2,672,2.168789863586426
2014-03-17 02:15:00,MT_001,Chronos-2,672,2.1216039657592773
2014-03-17 02:30:00,MT_001,Chronos-2,672,2.072784423828125
2014-03-17 02:45:00,MT_001,Chronos-2,672,2.1840898990631104
2014-03-17 03:00:00,MT_001,Chronos-2,672,2.2276673316955566
2014-03-17 03:15:00,MT_001,Chronos-2,672,2.340873956680298
2014-03-17 03:30:00,MT_001,Chronos-2,672,2.2499711513519287
2014-03-17 03:45:00,MT_001,Chronos-2,672,2.0801796913146973
2014-03-17 04:00:00,MT_001,Chronos-2,672,2.0544991493225098
2014-03-17 04:15:00,MT_001,Chronos-2,672,1.9657126665115356
2014-03-17 04:30:00,MT_001,Chronos-2,672,1.949448823928833
2014-03-17 04:45:00,MT_001,Chronos-2,672,2.0652146339416504
2014-03-17 05:00:00,MT_001,Chronos-2,672,2.03702712059021
2014-03-17 05:15:00,MT_001,Chronos-2,672,2.109241008758545
2014-03-17 05:30:00,MT_001,Chronos-2,672,2.0538837909698486
2014-03-17 05:45:00,MT_001,Chronos-2,672,1.9190120697021484
2014-03-17 06:00:00,MT_001,Chronos-2,672,1.9042848348617554
2014-03-17 06:15:00,MT_001,Chronos-2,672,1.8316320180892944
2014-03-17 06:30:00,MT_001,Chronos-2,672,1.7605570554733276
2014-03-17 06:45:00,MT_001,Chronos-2,672,1.726908802986145
2014-03-17 07:00:00,MT_001,Chronos-2,672,1.5824099779129028
2014-03-17 07:15:00,MT_001,Chronos-2,672,1.7021267414093018
2014-03-17 07:30:00,MT_001,Chronos-2,672,1.5554314851760864
2014-03-17 07:45:00,MT_001,Chronos-2,672,1.4728472232818604
2014-03-17 08:00:00,MT_001,Chronos-2,672,1.4777662754058838
2014-03-17 08:15:00,MT_001,Chronos-2,672,1.4230985641479492
2014-03-17 08:30:00,MT_001,Chronos-2,672,1.4903417825698853
2014-03-17 08:45:00,MT_001,Chronos-2,672,2.0171523094177246
2014-03-17 09:00:00,MT_001,Chronos-2,672,3.600569725036621
2014-03-17 09:15:00,MT_001,Chronos-2,672,6.997718811035156
2014-03-17 09:30:00,MT_001,Chronos-2,672,6.248540878295898
2014-03-17 09:45:00,MT_001,Chronos-2,672,1.8050484657287598
2014-03-17 10:00:00,MT_001,Chronos-2,672,1.2617963552474976
2014-03-17 10:15:00,MT_001,Chronos-2,672,1.247704267501831
2014-03-17 10:30:00,MT_001,Chronos-2,672,1.3555141687393188
2014-03-17 10:45:00,MT_001,Chronos-2,672,1.4853503704071045
2014-03-17 11:00:00,MT_001,Chronos-2,672,1.9322150945663452
2014-03-17 11:15:00,MT_001,Chronos-2,672,2.7401936054229736
2014-03-17 11:30:00,MT_001,Chronos-2,672,2.7110211849212646
2014-03-17 11:45:00,MT_001,Chronos-2,672,2.05885910987854
2014-03-17 12:00:00,MT_001,Chronos-2,672,1.7201626300811768
2014-03-17 12:15:00,MT_001,Chronos-2,672,1.6195194721221924
2014-03-17 12:30:00,MT_001,Chronos-2,672,1.5261664390563965
2014-03-17 12:45:00,MT_001,Chronos-2,672,1.4224035739898682
2014-03-17 13:00:00,MT_001,Chronos-2,672,1.3022598028182983
2014-03-17 13:15:00,MT_001,Chronos-2,672,1.3219226598739624
2014-03-17 13:30:00,MT_001,Chronos-2,672,1.3672126531600952
2014-03-17 13:45:00,MT_001,Chronos-2,672,1.3822426795959473
2014-03-17 14:00:00,MT_001,Chronos-2,672,1.4551172256469727
2014-03-17 14:15:00,MT_001,Chronos-2,672,1.546682357788086
2014-03-17 14:30:00,MT_001,Chronos-2,672,1.6703076362609863
2014-03-17 14:45:00,MT_001,Chronos-2,672,1.8348411321640015
2014-03-17 15:00:00,MT_001,Chronos-2,672,2.147146463394165
2014-03-17 15:15:00,MT_001,Chronos-2,672,2.824328899383545
2014-03-17 15:30:00,MT_001,Chronos-2,672,2.686338424682617
2014-03-17 15:45:00,MT_001,Chronos-2,672,2.374565601348877
2014-03-17 16:00:00,MT_001,Chronos-2,672,2.087257146835327
2014-03-17 16:15:00,MT_001,Chronos-2,672,1.8829728364944458
2014-03-17 16:30:00,MT_001,Chronos-2,672,1.7875605821609497
2014-03-17 16:45:00,MT_001,Chronos-2,672,1.7160613536834717
2014-03-17 17:00:00,MT_001,Chronos-2,672,1.7048380374908447
2014-03-17 17:15:00,MT_001,Chronos-2,672,1.7136743068695068
2014-03-17 17:30:00,MT_001,Chronos-2,672,1.6269923448562622
2014-03-17 17:45:00,MT_001,Chronos-2,672,1.5889253616333008
2014-03-17 18:00:00,MT_001,Chronos-2,672,1.5713179111480713
2014-03-17 18:15:00,MT_001,Chronos-2,672,1.5594083070755005
2014-03-17 18:30:00,MT_001,Chronos-2,672,1.5371618270874023
2014-03-17 18:45:00,MT_001,Chronos-2,672,1.5398614406585693
2014-03-17 19:00:00,MT_001,Chronos-2,672,1.5862852334976196
2014-03-17 19:15:00,MT_001,Chronos-2,672,1.8860325813293457
2014-03-17 19:30:00,MT_001,Chronos-2,672,1.9643231630325317
2014-03-17 19:45:00,MT_001,Chronos-2,672,2.096590995788574
2014-03-17 20:00:00,MT_001,Chronos-2,672,2.162184476852417
2014-03-17 20:15:00,MT_001,Chronos-2,672,2.1417295932769775
2014-03-17 20:30:00,MT_001,Chronos-2,672,2.1608712673187256
2014-03-17 20:45:00,MT_001,Chronos-2,672,2.183237314224243
2014-03-17 21:00:00,MT_001,Chronos-2,672,2.2184689044952393
2014-03-17 21:15:00,MT_001,Chronos-2,672,2.2468695640563965
2014-03-17 21:30:00,MT_001,Chronos-2,672,2.275655746459961
2014-03-17 21:45:00,MT_001,Chronos-2,672,2.224088668823242
2014-03-17 22:00:00,MT_001,Chronos-2,672,2.1206729412078857
2014-03-17 22:15:00,MT_001,Chronos-2,672,2.0107569694519043
2014-03-17 22:30:00,MT_001,Chronos-2,672,2.0847787857055664
2014-03-17 22:45:00,MT_001,Chronos-2,672,2.1182138919830322
2014-03-17 23:00:00,MT_001,Chronos-2,672,2.0942254066467285
2014-03-17 23:15:00,MT_001,Chronos-2,672,2.120417833328247
2014-03-17 23:30:00,MT_001,Chronos-2,672,2.136821985244751
2014-03-17 23:45:00,MT_001,Chronos-2,672,2.1299736499786377
2014-03-18 00:00:00,MT_001,Chronos-2,672,2.0977580547332764
2014-03-18 00:15:00,MT_001,Chronos-2,672,2.071326494216919
2014-03-18 00:30:00,MT_001,Chronos-2,672,2.038226842880249
2014-03-18 00:45:00,MT_001,Chronos-2,672,2.073782444000244
2014-03-18 01:00:00,MT_001,Chronos-2,672,2.049220561981201
2014-03-18 01:15:00,MT_001,Chronos-2,672,2.1164393424987793
2014-03-18 01:30:00,MT_001,Chronos-2,672,2.1293556690216064
2014-03-18 01:45:00,MT_001,Chronos-2,672,2.111067056655884
2014-03-18 02:00:00,MT_001,Chronos-2,672,2.195671319961548
2014-03-18 02:15:00,MT_001,Chronos-2,672,2.1693027019500732
2014-03-18 02:30:00,MT_001,Chronos-2,672,2.1367883682250977
2014-03-18 02:45:00,MT_001,Chronos-2,672,2.232563018798828
2014-03-18 03:00:00,MT_001,Chronos-2,672,2.3263638019561768
2014-03-18 03:15:00,MT_001,Chronos-2,672,2.355443000793457
2014-03-18 03:30:00,MT_001,Chronos-2,672,2.315317153930664
2014-03-18 03:45:00,MT_001,Chronos-2,672,2.2288951873779297
2014-03-18 04:00:00,MT_001,Chronos-2,672,2.1672401428222656
2014-03-18 04:15:00,MT_001,Chronos-2,672,2.1155240535736084
2014-03-18 04:30:00,MT_001,Chronos-2,672,2.1101624965667725
2014-03-18 04:45:00,MT_001,Chronos-2,672,2.1563057899475098
2014-03-18 05:00:00,MT_001,Chronos-2,672,2.1393513679504395
2014-03-18 05:15:00,MT_001,Chronos-2,672,2.1452689170837402
2014-03-18 05:30:00,MT_001,Chronos-2,672,2.0700018405914307
2014-03-18 05:45:00,MT_001,Chronos-2,672,1.993135690689087
2014-03-18 06:00:00,MT_001,Chronos-2,672,1.935065507888794
2014-03-18 06:15:00,MT_001,Chronos-2,672,1.9108632802963257
2014-03-18 06:30:00,MT_001,Chronos-2,672,1.8464500904083252
2014-03-18 06:45:00,MT_001,Chronos-2,672,1.8028733730316162
2014-03-18 07:00:00,MT_001,Chronos-2,672,1.6663696765899658
2014-03-18 07:15:00,MT_001,Chronos-2,672,1.6824650764465332
2014-03-18 07:30:00,MT_001,Chronos-2,672,1.5628890991210938
2014-03-18 07:45:00,MT_001,Chronos-2,672,1.4685182571411133
2014-03-18 08:00:00,MT_001,Chronos-2,672,1.4340202808380127
2014-03-18 08:15:00,MT_001,Chronos-2,672,1.4365220069885254
2014-03-18 08:30:00,MT_001,Chronos-2,672,1.4676284790039062
2014-03-18 08:45:00,MT_001,Chronos-2,672,1.5055310726165771
2014-03-18 09:00:00,MT_001,Chronos-2,672,1.6583917140960693
2014-03-18 09:15:00,MT_001,Chronos-2,672,2.127206802368164
2014-03-18 09:30:00,MT_001,Chronos-2,672,2.0449490547180176
2014-03-18 09:45:00,MT_001,Chronos-2,672,1.6768434047698975
2014-03-18 10:00:00,MT_001,Chronos-2,672,1.5126001834869385
2014-03-18 10:15:00,MT_001,Chronos-2,672,1.6476895809173584
2014-03-18 10:30:00,MT_001,Chronos-2,672,1.929295301437378
2014-03-18 10:45:00,MT_001,Chronos-2,672,2.23468017578125
2014-03-18 11:00:00,MT_001,Chronos-2,672,2.72202730178833
2014-03-18 11:15:00,MT_001,Chronos-2,672,2.891140937805176
2014-03-18 11:30:00,MT_001,Chronos-2,672,2.832648754119873
2014-03-18 11:45:00,MT_001,Chronos-2,672,2.5137875080108643
2014-03-18 12:00:00,MT_001,Chronos-2,672,2.176595449447632
2014-03-18 12:15:00,MT_001,Chronos-2,672,1.9189609289169312
2014-03-18 12:30:00,MT_001,Chronos-2,672,1.7394224405288696
2014-03-18 12:45:00,MT_001,Chronos-2,672,1.5979132652282715
2014-03-18 13:00:00,MT_001,Chronos-2,672,1.5381133556365967
2014-03-18 13:15:00,MT_001,Chronos-2,672,1.5153279304504395
2014-03-18 13:30:00,MT_001,Chronos-2,672,1.5974174737930298
2014-03-18 13:45:00,MT_001,Chronos-2,672,1.6650984287261963
2014-03-18 14:00:00,MT_001,Chronos-2,672,1.716377854347229
2014-03-18 14:15:00,MT_001,Chronos-2,672,1.8366353511810303
2014-03-18 14:30:00,MT_001,Chronos-2,672,2.069842576980591
2014-03-18 14:45:00,MT_001,Chronos-2,672,2.3706610202789307
2014-03-18 15:00:00,MT_001,Chronos-2,672,2.7427666187286377
2014-03-18 15:15:00,MT_001,Chronos-2,672,3.672178268432617
2014-03-18 15:30:00,MT_001,Chronos-2,672,3.547985792160034
2014-03-18 15:45:00,MT_001,Chronos-2,672,2.3452205657958984
2014-03-18 16:00:00,MT_001,Chronos-2,672,1.8885586261749268
2014-03-18 16:15:00,MT_001,Chronos-2,672,1.7098990678787231
2014-03-18 16:30:00,MT_001,Chronos-2,672,1.6261310577392578
2014-03-18 16:45:00,MT_001,Chronos-2,672,1.5618126392364502
2014-03-18 17:00:00,MT_001,Chronos-2,672,1.5429723262786865
2014-03-18 17:15:00,MT_001,Chronos-2,672,1.5955760478973389
2014-03-18 17:30:00,MT_001,Chronos-2,672,1.5483968257904053
2014-03-18 17:45:00,MT_001,Chronos-2,672,1.4754856824874878
2014-03-18 18:00:00,MT_001,Chronos-2,672,1.4976587295532227
2014-03-18 18:15:00,MT_001,Chronos-2,672,1.4581272602081299
2014-03-18 18:30:00,MT_001,Chronos-2,672,1.3820196390151978
2014-03-18 18:45:00,MT_001,Chronos-2,672,1.4281840324401855
2014-03-18 19:00:00,MT_001,Chronos-2,672,1.4435396194458008
2014-03-18 19:15:00,MT_001,Chronos-2,672,1.852192759513855
2014-03-18 19:30:00,MT_001,Chronos-2,672,1.958304524421692
2014-03-18 19:45:00,MT_001,Chronos-2,672,2.021639585494995
2014-03-18 20:00:00,MT_001,Chronos-2,672,2.1038737297058105
2014-03-18 20:15:00,MT_001,Chronos-2,672,2.0513510704040527
2014-03-18 20:30:00,MT_001,Chronos-2,672,2.0985395908355713
2014-03-18 20:45:00,MT_001,Chronos-2,672,2.0935702323913574
2014-03-18 21:00:00,MT_001,Chronos-2,672,2.136690139770508
2014-03-18 21:15:00,MT_001,Chronos-2,672,2.2167444229125977
2014-03-18 21:30:00,MT_001,Chronos-2,672,2.241783618927002
2014-03-18 21:45:00,MT_001,Chronos-2,672,2.1489315032958984
2014-03-18 22:00:00,MT_001,Chronos-2,672,2.0855820178985596
2014-03-18 22:15:00,MT_001,Chronos-2,672,1.9660606384277344
2014-03-18 22:30:00,MT_001,Chronos-2,672,1.9974720478057861
2014-03-18 22:45:00,MT_001,Chronos-2,672,2.0549912452697754
2014-03-18 23:00:00,MT_001,Chronos-2,672,2.0438122749328613
2014-03-18 23:15:00,MT_001,Chronos-2,672,2.148280382156372
2014-03-18 23:30:00,MT_001,Chronos-2,672,2.1873230934143066
2014-03-18 23:45:00,MT_001,Chronos-2,672,2.1462504863739014
2014-03-19 00:00:00,MT_001,Chronos-2,672,2.1230685710906982
2014-03-19 00:15:00,MT_001,Chronos-2,672,2.1001839637756348
2014-03-19 00:30:00,MT_001,Chronos-2,672,2.06974458694458
2014-03-19 00:45:00,MT_001,Chronos-2,672,2.106705904006958
2014-03-19 01:00:00,MT_001,Chronos-2,672,2.0864062309265137
2014-03-19 01:15:00,MT_001,Chronos-2,672,2.1455271244049072
2014-03-19 01:30:00,MT_001,Chronos-2,672,2.1671903133392334
2014-03-19 01:45:00,MT_001,Chronos-2,672,2.146024227142334
2014-03-19 02:00:00,MT_001,Chronos-2,672,2.236453056335449
2014-03-19 02:15:00,MT_001,Chronos-2,672,2.1932997703552246
2014-03-19 02:30:00,MT_001,Chronos-2,672,2.1778595447540283
2014-03-19 02:45:00,MT_001,Chronos-2,672,2.256500482559204
2014-03-19 03:00:00,MT_001,Chronos-2,672,2.3560891151428223
2014-03-19 03:15:00,MT_001,Chronos-2,672,2.463688611984253
2014-03-19 03:30:00,MT_001,Chronos-2,672,2.357501745223999
2014-03-19 03:45:00,MT_001,Chronos-2,672,2.1943447589874268
2014-03-19 04:00:00,MT_001,Chronos-2,672,2.155484437942505
2014-03-19 04:15:00,MT_001,Chronos-2,672,2.083688735961914
2014-03-19 04:30:00,MT_001,Chronos-2,672,2.07277250289917
2014-03-19 04:45:00,MT_001,Chronos-2,672,2.1605160236358643
2014-03-19 05:00:00,MT_001,Chronos-2,672,2.1386218070983887
2014-03-19 05:15:00,MT_001,Chronos-2,672,2.1811795234680176
2014-03-19 05:30:00,MT_001,Chronos-2,672,2.0813705921173096
2014-03-19 05:45:00,MT_001,Chronos-2,672,2.0008974075317383
2014-03-19 06:00:00,MT_001,Chronos-2,672,1.9732379913330078
2014-03-19 06:15:00,MT_001,Chronos-2,672,1.9138593673706055
2014-03-19 06:30:00,MT_001,Chronos-2,672,1.8505358695983887
2014-03-19 06:45:00,MT_001,Chronos-2,672,1.7775964736938477
2014-03-19 07:00:00,MT_001,Chronos-2,672,1.6649646759033203
2014-03-19 07:15:00,MT_001,Chronos-2,672,1.7837984561920166
2014-03-19 07:30:00,MT_001,Chronos-2,672,1.5410568714141846
2014-03-19 07:45:00,MT_001,Chronos-2,672,1.4660403728485107
2014-03-19 08:00:00,MT_001,Chronos-2,672,1.4820339679718018
2014-03-19 08:15:00,MT_001,Chronos-2,672,1.3865658044815063
2014-03-19 08:30:00,MT_001,Chronos-2,672,1.4956265687942505
2014-03-19 08:45:00,MT_001,Chronos-2,672,2.417161464691162
2014-03-19 09:00:00,MT_001,Chronos-2,672,4.323503494262695
2014-03-19 09:15:00,MT_001,Chronos-2,672,8.303993225097656
2014-03-19 09:30:00,MT_001,Chronos-2,672,6.56705379486084
2014-03-19 09:45:00,MT_001,Chronos-2,672,1.6953141689300537
2014-03-19 10:00:00,MT_001,Chronos-2,672,1.2231355905532837
2014-03-19 10:15:00,MT_001,Chronos-2,672,1.170030951499939
2014-03-19 10:30:00,MT_001,Chronos-2,672,1.2927531003952026
2014-03-19 10:45:00,MT_001,Chronos-2,672,1.3257524967193604
2014-03-19 11:00:00,MT_001,Chronos-2,672,1.490576982498169
2014-03-19 11:15:00,MT_001,Chronos-2,672,1.6947051286697388
2014-03-19 11:30:00,MT_001,Chronos-2,672,1.6983442306518555
2014-03-19 11:45:00,MT_001,Chronos-2,672,1.566321611404419
2014-03-19 12:00:00,MT_001,Chronos-2,672,1.403168797492981
2014-03-19 12:15:00,MT_001,Chronos-2,672,1.39026939868927
2014-03-19 12:30:00,MT_001,Chronos-2,672,1.3540515899658203
2014-03-19 12:45:00,MT_001,Chronos-2,672,1.3222920894622803
2014-03-19 13:00:00,MT_001,Chronos-2,672,1.2511075735092163
2014-03-19 13:15:00,MT_001,Chronos-2,672,1.3151315450668335
2014-03-19 13:30:00,MT_001,Chronos-2,672,1.37721848487854
2014-03-19 13:45:00,MT_001,Chronos-2,672,1.4083163738250732
2014-03-19 14:00:00,MT_001,Chronos-2,672,1.371941089630127
2014-03-19 14:15:00,MT_001,Chronos-2,672,1.4225815534591675
2014-03-19 14:30:00,MT_001,Chronos-2,672,1.518897294998169
2014-03-19 14:45:00,MT_001,Chronos-2,672,1.6541831493377686
2014-03-19 15:00:00,MT_001,Chronos-2,672,1.9172884225845337
2014-03-19 15:15:00,MT_001,Chronos-2,672,2.5708441734313965
2014-03-19 15:30:00,MT_001,Chronos-2,672,2.4944519996643066
2014-03-19 15:45:00,MT_001,Chronos-2,672,2.1956753730773926
2014-03-19 16:00:00,MT_001,Chronos-2,672,1.908081293106079
2014-03-19 16:15:00,MT_001,Chronos-2,672,1.7435250282287598
2014-03-19 16:30:00,MT_001,Chronos-2,672,1.6464327573776245
2014-03-19 16:45:00,MT_001,Chronos-2,672,1.6214897632598877
2014-03-19 17:00:00,MT_001,Chronos-2,672,1.6365623474121094
2014-03-19 17:15:00,MT_001,Chronos-2,672,1.6539093255996704
2014-03-19 17:30:00,MT_001,Chronos-2,672,1.6164112091064453
2014-03-19 17:45:00,MT_001,Chronos-2,672,1.5641305446624756
2014-03-19 18:00:00,MT_001,Chronos-2,672,1.5550752878189087
2014-03-19 18:15:00,MT_001,Chronos-2,672,1.5241596698760986
2014-03-19 18:30:00,MT_001,Chronos-2,672,1.491066813468933
2014-03-19 18:45:00,MT_001,Chronos-2,672,1.487144947052002
2014-03-19 19:00:00,MT_001,Chronos-2,672,1.535799264907837
2014-03-19 19:15:00,MT_001,Chronos-2,672,1.9374672174453735
2014-03-19 19:30:00,MT_001,Chronos-2,672,2.0257222652435303
2014-03-19 19:45:00,MT_001,Chronos-2,672,2.119999647140503
2014-03-19 20:00:00,MT_001,Chronos-2,672,2.1951632499694824
2014-03-19 20:15:00,MT_001,Chronos-2,672,2.177730083465576
2014-03-19 20:30:00,MT_001,Chronos-2,672,2.200601816177368
2014-03-19 20:45:00,MT_001,Chronos-2,672,2.2192046642303467
2014-03-19 21:00:00,MT_001,Chronos-2,672,2.246067762374878
2014-03-19 21:15:00,MT_001,Chronos-2,672,2.266840696334839
2014-03-19 21:30:00,MT_001,Chronos-2,672,2.3058042526245117
2014-03-19 21:45:00,MT_001,Chronos-2,672,2.2657229900360107
2014-03-19 22:00:00,MT_001,Chronos-2,672,2.1859254837036133
2014-03-19 22:15:00,MT_001,Chronos-2,672,2.095033884048462
2014-03-19 22:30:00,MT_001,Chronos-2,672,2.160484790802002
2014-03-19 22:45:00,MT_001,Chronos-2,672,2.1957244873046875
2014-03-19 23:00:00,MT_001,Chronos-2,672,2.1628124713897705
2014-03-19 23:15:00,MT_001,Chronos-2,672,2.204245090484619
2014-03-19 23:30:00,MT_001,Chronos-2,672,2.2329916954040527
2014-03-19 23:45:00,MT_001,Chronos-2,672,2.2166335582733154
2014-03-20 00:00:00,MT_001,Chronos-2,672,2.1892032623291016
2014-03-20 00:15:00,MT_001,Chronos-2,672,2.1778531074523926
2014-03-20 00:30:00,MT_001,Chronos-2,672,2.150731086730957
2014-03-20 00:45:00,MT_001,Chronos-2,672,2.1722633838653564
2014-03-20 01:00:00,MT_001,Chronos-2,672,2.1562812328338623
2014-03-20 01:15:00,MT_001,Chronos-2,672,2.192284345626831
2014-03-20 01:30:00,MT_001,Chronos-2,672,2.214496612548828
2014-03-20 01:45:00,MT_001,Chronos-2,672,2.208998441696167
2014-03-20 02:00:00,MT_001,Chronos-2,672,2.268434762954712
2014-03-20 02:15:00,MT_001,Chronos-2,672,2.248382091522217
2014-03-20 02:30:00,MT_001,Chronos-2,672,2.2262158393859863
2014-03-20 02:45:00,MT_001,Chronos-2,672,2.3011579513549805
2014-03-20 03:00:00,MT_001,Chronos-2,672,2.371324300765991
2014-03-20 03:15:00,MT_001,Chronos-2,672,2.4524242877960205
2014-03-20 03:30:00,MT_001,Chronos-2,672,2.38578724861145
2014-03-20 03:45:00,MT_001,Chronos-2,672,2.26637864112854
2014-03-20 04:00:00,MT_001,Chronos-2,672,2.207324981689453
2014-03-20 04:15:00,MT_001,Chronos-2,672,2.1573421955108643
2014-03-20 04:30:00,MT_001,Chronos-2,672,2.1519217491149902
2014-03-20 04:45:00,MT_001,Chronos-2,672,2.2121176719665527
2014-03-20 05:00:00,MT_001,Chronos-2,672,2.2047407627105713
2014-03-20 05:15:00,MT_001,Chronos-2,672,2.2110748291015625
2014-03-20 05:30:00,MT_001,Chronos-2,672,2.144185781478882
2014-03-20 05:45:00,MT_001,Chronos-2,672,2.058110237121582
2014-03-20 06:00:00,MT_001,Chronos-2,672,2.008751392364502
2014-03-20 06:15:00,MT_001,Chronos-2,672,1.9528605937957764
2014-03-20 06:30:00,MT_001,Chronos-2,672,1.8589215278625488
2014-03-20 06:45:00,MT_001,Chronos-2,672,1.7874805927276611
2014-03-20 07:00:00,MT_001,Chronos-2,672,1.6787865161895752
2014-03-20 07:15:00,MT_001,Chronos-2,672,1.817216157913208
2014-03-20 07:30:00,MT_001,Chronos-2,672,1.6266870498657227
2014-03-20 07:45:00,MT_001,Chronos-2,672,1.5287983417510986
2014-03-20 08:00:00,MT_001,Chronos-2,672,1.5098838806152344
2014-03-20 08:15:00,MT_001,Chronos-2,672,1.4240202903747559
2014-03-20 08:30:00,MT_001,Chronos-2,672,1.568260669708252
2014-03-20 08:45:00,MT_001,Chronos-2,672,2.3059732913970947
2014-03-20 09:00:00,MT_001,Chronos-2,672,3.961900234222412
2014-03-20 09:15:00,MT_001,Chronos-2,672,7.516495704650879
2014-03-20 09:30:00,MT_001,Chronos-2,672,6.1617865562438965
2014-03-20 09:45:00,MT_001,Chronos-2,672,1.7448476552963257
2014-03-20 10:00:00,MT_001,Chronos-2,672,1.1890621185302734
2014-03-20 10:15:00,MT_001,Chronos-2,672,1.1463391780853271
2014-03-20 10:30:00,MT_001,Chronos-2,672,1.2542074918746948
2014-03-20 10:45:00,MT_001,Chronos-2,672,1.2618460655212402
2014-03-20 11:00:00,MT_001,Chronos-2,672,1.3926782608032227
2014-03-20 11:15:00,MT_001,Chronos-2,672,1.510174036026001
2014-03-20 11:30:00,MT_001,Chronos-2,672,1.7356514930725098
2014-03-20 11:45:00,MT_001,Chronos-2,672,1.389481544494629
2014-03-20 12:00:00,MT_001,Chronos-2,672,1.2327243089675903
2014-03-20 12:15:00,MT_001,Chronos-2,672,1.1937031745910645
2014-03-20 12:30:00,MT_001,Chronos-2,672,1.1842832565307617
2014-03-20 12:45:00,MT_001,Chronos-2,672,1.147249698638916
2014-03-20 13:00:00,MT_001,Chronos-2,672,1.063691258430481
2014-03-20 13:15:00,MT_001,Chronos-2,672,1.1710188388824463
2014-03-20 13:30:00,MT_001,Chronos-2,672,1.238887071609497
2014-03-20 13:45:00,MT_001,Chronos-2,672,1.2252354621887207
2014-03-20 14:00:00,MT_001,Chronos-2,672,1.1841070652008057
2014-03-20 14:15:00,MT_001,Chronos-2,672,1.2118371725082397
2014-03-20 14:30:00,MT_001,Chronos-2,672,1.3299376964569092
2014-03-20 14:45:00,MT_001,Chronos-2,672,1.3845921754837036
2014-03-20 15:00:00,MT_001,Chronos-2,672,1.5775423049926758
2014-03-20 15:15:00,MT_001,Chronos-2,672,2.1822268962860107
2014-03-20 15:30:00,MT_001,Chronos-2,672,2.1181278228759766
2014-03-20 15:45:00,MT_001,Chronos-2,672,1.81746244430542
2014-03-20 16:00:00,MT_001,Chronos-2,672,1.5881481170654297
2014-03-20 16:15:00,MT_001,Chronos-2,672,1.4727027416229248
2014-03-20 16:30:00,MT_001,Chronos-2,672,1.422398567199707
2014-03-20 16:45:00,MT_001,Chronos-2,672,1.4420568943023682
2014-03-20 17:00:00,MT_001,Chronos-2,672,1.4874346256256104
2014-03-20 17:15:00,MT_001,Chronos-2,672,1.529990315437317
2014-03-20 17:30:00,MT_001,Chronos-2,672,1.4960918426513672
2014-03-20 17:45:00,MT_001,Chronos-2,672,1.4583563804626465
2014-03-20 18:00:00,MT_001,Chronos-2,672,1.4447169303894043
2014-03-20 18:15:00,MT_001,Chronos-2,672,1.4105944633483887
2014-03-20 18:30:00,MT_001,Chronos-2,672,1.3806474208831787
2014-03-20 18:45:00,MT_001,Chronos-2,672,1.371455192565918
2014-03-20 19:00:00,MT_001,Chronos-2,672,1.4268288612365723
2014-03-20 19:15:00,MT_001,Chronos-2,672,1.831675410270691
2014-03-20 19:30:00,MT_001,Chronos-2,672,1.8763859272003174
2014-03-20 19:45:00,MT_001,Chronos-2,672,2.0336408615112305
2014-03-20 20:00:00,MT_001,Chronos-2,672,2.1260173320770264
2014-03-20 20:15:00,MT_001,Chronos-2,672,2.1310408115386963
2014-03-20 20:30:00,MT_001,Chronos-2,672,2.1445956230163574
2014-03-20 20:45:00,MT_001,Chronos-2,672,2.1304197311401367
2014-03-20 21:00:00,MT_001,Chronos-2,672,2.2013072967529297
2014-03-20 21:15:00,MT_001,Chronos-2,672,2.2538390159606934
2014-03-20 21:30:00,MT_001,Chronos-2,672,2.271177291870117
2014-03-20 21:45:00,MT_001,Chronos-2,672,2.215898275375366
2014-03-20 22:00:00,MT_001,Chronos-2,672,2.1372218132019043
2014-03-20 22:15:00,MT_001,Chronos-2,672,2.014653205871582
2014-03-20 22:30:00,MT_001,Chronos-2,672,2.088009834289551
2014-03-20 22:45:00,MT_001,Chronos-2,672,2.1416854858398438
2014-03-20 23:00:00,MT_001,Chronos-2,672,2.0820183753967285
2014-03-20 23:15:00,MT_001,Chronos-2,672,2.1718931198120117
2014-03-20 23:30:00,MT_001,Chronos-2,672,2.1822564601898193
2014-03-20 23:45:00,MT_001,Chronos-2,672,2.150759220123291
2014-03-21 00:00:00,MT_001,Chronos-2,672,2.113342046737671
2014-03-21 00:15:00,MT_001,Chronos-2,672,2.1012587547302246
2014-03-21 00:30:00,MT_001,Chronos-2,672,2.076763391494751
2014-03-21 00:45:00,MT_001,Chronos-2,672,2.0934505462646484
2014-03-21 01:00:00,MT_001,Chronos-2,672,2.077442169189453
2014-03-21 01:15:00,MT_001,Chronos-2,672,2.1279215812683105
2014-03-21 01:30:00,MT_001,Chronos-2,672,2.1639058589935303
2014-03-21 01:45:00,MT_001,Chronos-2,672,2.1484968662261963
2014-03-21 02:00:00,MT_001,Chronos-2,672,2.2321202754974365
2014-03-21 02:15:00,MT_001,Chronos-2,672,2.207009792327881
2014-03-21 02:30:00,MT_001,Chronos-2,672,2.1954824924468994
2014-03-21 02:45:00,MT_001,Chronos-2,672,2.299966812133789
2014-03-21 03:00:00,MT_001,Chronos-2,672,2.381894111633301
2014-03-21 03:15:00,MT_001,Chronos-2,672,2.557831048965454
2014-03-21 03:30:00,MT_001,Chronos-2,672,2.4566280841827393
2014-03-21 03:45:00,MT_001,Chronos-2,672,2.2838313579559326
2014-03-21 04:00:00,MT_001,Chronos-2,672,2.1922152042388916
2014-03-21 04:15:00,MT_001,Chronos-2,672,2.107572317123413
2014-03-21 04:30:00,MT_001,Chronos-2,672,2.103109359741211
2014-03-21 04:45:00,MT_001,Chronos-2,672,2.1487984657287598
2014-03-21 05:00:00,MT_001,Chronos-2,672,2.1315743923187256
2014-03-21 05:15:00,MT_001,Chronos-2,672,2.144284725189209
2014-03-21 05:30:00,MT_001,Chronos-2,672,2.030233383178711
2014-03-21 05:45:00,MT_001,Chronos-2,672,1.967648983001709
2014-03-21 06:00:00,MT_001,Chronos-2,672,1.9307597875595093
2014-03-21 06:15:00,MT_001,Chronos-2,672,1.8982621431350708
2014-03-21 06:30:00,MT_001,Chronos-2,672,1.8283871412277222
2014-03-21 06:45:00,MT_001,Chronos-2,672,1.7815532684326172
2014-03-21 07:00:00,MT_001,Chronos-2,672,1.701961874961853
2014-03-21 07:15:00,MT_001,Chronos-2,672,1.8552367687225342
2014-03-21 07:30:00,MT_001,Chronos-2,672,1.6831036806106567
2014-03-21 07:45:00,MT_001,Chronos-2,672,1.625245451927185
2014-03-21 08:00:00,MT_001,Chronos-2,672,1.6259849071502686
2014-03-21 08:15:00,MT_001,Chronos-2,672,1.5073583126068115
2014-03-21 08:30:00,MT_001,Chronos-2,672,1.6102696657180786
2014-03-21 08:45:00,MT_001,Chronos-2,672,2.0503759384155273
2014-03-21 09:00:00,MT_001,Chronos-2,672,3.2988481521606445
2014-03-21 09:15:00,MT_001,Chronos-2,672,6.449237823486328
2014-03-21 09:30:00,MT_001,Chronos-2,672,5.318578720092773
2014-03-21 09:45:00,MT_001,Chronos-2,672,1.8062868118286133
2014-03-21 10:00:00,MT_001,Chronos-2,672,1.3157254457473755
2014-03-21 10:15:00,MT_001,Chronos-2,672,1.2577406167984009
2014-03-21 10:30:00,MT_001,Chronos-2,672,1.316359043121338
2014-03-21 10:45:00,MT_001,Chronos-2,672,1.3854491710662842
2014-03-21 11:00:00,MT_001,Chronos-2,672,1.48634934425354
2014-03-21 11:15:00,MT_001,Chronos-2,672,1.614851474761963
2014-03-21 11:30:00,MT_001,Chronos-2,672,1.7168309688568115
2014-03-21 11:45:00,MT_001,Chronos-2,672,1.454932689666748
2014-03-21 12:00:00,MT_001,Chronos-2,672,1.2841911315917969
2014-03-21 12:15:00,MT_001,Chronos-2,672,1.2173572778701782
2014-03-21 12:30:00,MT_001,Chronos-2,672,1.192936897277832
2014-03-21 12:45:00,MT_001,Chronos-2,672,1.1667431592941284
2014-03-21 13:00:00,MT_001,Chronos-2,672,1.0915478467941284
2014-03-21 13:15:00,MT_001,Chronos-2,672,1.1755106449127197
2014-03-21 13:30:00,MT_001,Chronos-2,672,1.2480740547180176
2014-03-21 13:45:00,MT_001,Chronos-2,672,1.2594059705734253
2014-03-21 14:00:00,MT_001,Chronos-2,672,1.2321505546569824
2014-03-21 14:15:00,MT_001,Chronos-2,672,1.2504551410675049
2014-03-21 14:30:00,MT_001,Chronos-2,672,1.3537490367889404
2014-03-21 14:45:00,MT_001,Chronos-2,672,1.4331119060516357
2014-03-21 15:00:00,MT_001,Chronos-2,672,1.6055099964141846
2014-03-21 15:15:00,MT_001,Chronos-2,672,2.362307071685791
2014-03-21 15:30:00,MT_001,Chronos-2,672,2.295494318008423
2014-03-21 15:45:00,MT_001,Chronos-2,672,1.9605885744094849
2014-03-21 16:00:00,MT_001,Chronos-2,672,1.6873944997787476
2014-03-21 16:15:00,MT_001,Chronos-2,672,1.5644481182098389
2014-03-21 16:30:00,MT_001,Chronos-2,672,1.5068575143814087
2014-03-21 16:45:00,MT_001,Chronos-2,672,1.5253262519836426
2014-03-21 17:00:00,MT_001,Chronos-2,672,1.5806281566619873
2014-03-21 17:15:00,MT_001,Chronos-2,672,1.603710651397705
2014-03-21 17:30:00,MT_001,Chronos-2,672,1.5617666244506836
2014-03-21 17:45:00,MT_001,Chronos-2,672,1.52946138381958
2014-03-21 18:00:00,MT_001,Chronos-2,672,1.5121161937713623
2014-03-21 18:15:00,MT_001,Chronos-2,672,1.4801502227783203
2014-03-21 18:30:00,MT_001,Chronos-2,672,1.4529333114624023
2014-03-21 18:45:00,MT_001,Chronos-2,672,1.4599440097808838
2014-03-21 19:00:00,MT_001,Chronos-2,672,1.4969184398651123
